fecha,hora,banco,compra,venta,oficial,usdt_compra,usdt_venta,timestamp_utc
2026-09-29,22:54,BISA,11.32,12.32,,11.15,12.2,2026-09-30T02:54:08.364248+00:00
2026-09-29,22:54,BCR,11.52,12.32,,11.92,12.25,2026-09-30T02:54:08.364248+00:00
2026-09-29,22:54,BNA,11.52,12.12,,,,2026-09-30T02:54:08.364248+00:00
2026-09-29,22:54,ECONÓMICO,11.42,12.37,12.02,,,2026-09-30T02:54:08.364248+00:00
2026-09-29,22:54,FIE,11.52,12.02,12.02,,,2026-09-30T02:54:08.364248+00:00
2026-09-29,22:54,FORTALEZA,12.02,12.12,12.02,,,2026-09-30T02:54:08.364248+00:00
2026-09-29,22:54,GANADERO,,12.32,12.02,,,2026-09-30T02:54:08.364248+00:00
2026-09-29,22:54,MERCANTIL,10.77,12.32,12.02,,,2026-09-30T02:54:08.364248+00:00
2026-09-29,22:54,BNB,11.02,12.32,12.02,,,2026-09-30T02:54:08.364248+00:00
2026-09-29,22:54,PRODEM,11.72,12.12,12.02,,,2026-09-30T02:54:08.364248+00:00
2026-09-29,22:54,PYME COM.,11.62,12.12,12.02,,,2026-09-30T02:54:08.364248+00:00
2026-09-29,22:54,ECOFUTURO,11.02,12.42,12.02,,,2026-09-30T02:54:08.364248+00:00
2026-09-29,22:54,SOLIDARIO,10.82,12.32,12.02,,,2026-09-30T02:54:08.364248+00:00
2026-09-29,22:54,UNIÓN,11.02,12.12,12.02,,,2026-09-30T02:54:08.364248+00:00
