fecha,bcb_venta,bcb_compra,usdt_venta,usdt_compra,timestamp_utc
2025-12-01,9.32,7.85,10.3475,9.911,
2025-12-02,9.29,9.02,10.0795,9.3785,
2025-12-03,9.23,8.41,9.9663,9.3759,
2025-12-04,9.3,8.78,9.9876,9.4215,
2025-12-05,9.16,8.44,9.8071,9.316,
2025-12-08,9.02,8.69,9.7393,9.3056,
2025-12-09,8.94,8.48,9.57,9.1735,
2025-12-10,8.85,8.52,9.5192,9.133,
2025-12-11,8.88,8.0,9.436,8.932,
2025-12-12,8.77,7.99,9.3861,8.7659,
2025-12-15,8.77,8.87,9.3105,8.9713,
2025-12-16,8.65,8.6,9.3882,9.0147,
2025-12-17,8.51,8.37,9.4805,9.0685,
2025-12-18,8.67,8.06,10.7923,9.2308,
2025-12-19,8.68,8.46,10.2338,9.2986,
2025-12-22,8.68,8.09,9.9805,9.2251,
2025-12-23,8.58,8.56,9.7588,9.1505,
2025-12-24,8.63,8.51,9.6352,9.166,
2025-12-29,8.37,8.83,9.9387,9.3682,
2025-12-30,8.45,8.99,9.7275,9.381,
2025-12-31,8.55,7.89,9.7429,9.3807,
2026-01-05,8.91,8.73,9.7281,9.4762,
2026-01-06,8.11,7.94,9.7185,9.4908,
2026-01-07,8.75,8.57,9.701,9.452,
2026-01-08,8.53,8.35,9.724,9.491,
2026-01-09,9.11,8.92,9.6858,9.435,
2026-01-12,9.16,8.97,9.7011,9.5,
2026-01-13,9.29,9.1,9.67,9.4047,
2026-01-14,8.9,8.72,9.6646,9.4123,
2026-01-15,9.22,9.03,9.6495,9.3803,
2026-01-16,9.4,9.21,9.626,9.371,
2026-01-19,9.1,8.91,9.6221,9.3666,
2026-01-20,9.29,9.1,9.6632,9.4132,
2026-01-21,9.0,8.81,9.616,9.3757,
2026-01-22,9.35,9.16,9.5911,9.3603,
2026-01-26,9.52,9.32,9.5843,9.3127,
2026-01-27,9.28,9.09,9.477,9.1041,
2026-01-28,9.05,8.86,9.3523,8.942,
2026-01-29,9.18,8.99,9.2038,8.661,
2026-01-30,8.77,8.59,9.2917,8.876,
2026-02-02,8.82,8.64,9.2058,8.9489,
2026-02-03,8.68,8.5,9.1942,8.9704,
2026-02-04,9.3,9.11,9.2584,9.0716,
2026-02-05,9.18,8.99,9.3412,9.1272,
2026-02-06,9.0,8.81,9.3177,9.1173,
2026-02-09,8.87,8.69,9.25,9.07,
2026-02-10,9.08,8.89,9.2026,9.0305,
2026-02-11,9.56,9.36,9.1865,9.0315,
2026-02-12,8.85,8.67,9.2339,9.0148,
2026-02-13,8.76,8.58,9.2208,9.0432,
2026-02-18,8.91,8.73,9.1727,8.8177,
2026-02-19,8.65,8.47,9.1476,8.9412,
2026-02-20,8.88,8.7,9.1304,8.9156,
2026-02-23,9.27,9.08,9.1018,8.9155,
2026-02-24,9.06,8.87,9.0767,8.8857,
2026-02-25,8.84,8.66,9.0757,8.8952,
2026-02-26,9.27,9.08,9.0764,8.9273,
2026-02-27,9.11,8.92,9.0741,8.9456,
2026-03-02,8.58,8.4,9.1156,8.9796,
2026-03-03,8.36,8.19,9.1433,8.9967,
2026-03-04,8.87,8.69,9.2341,9.0178,
2026-03-05,9.04,8.85,9.2536,9.055,
2026-03-06,8.66,8.48,9.4061,9.13,
2026-03-09,8.96,8.78,9.6125,9.2158,
2026-03-10,8.67,8.49,9.4811,9.1019,
2026-03-11,8.86,8.68,9.3838,9.0708,
2026-03-12,9.37,9.18,9.3658,9.1183,
2026-03-13,9.13,8.94,9.3723,9.13,
2026-03-16,9.24,9.05,9.4182,9.1432,
2026-03-17,9.2,9.01,9.3655,9.131,
2026-03-18,9.09,8.9,9.3426,9.1326,
2026-03-19,9.1,8.91,9.3385,9.155,
2026-03-20,9.59,9.39,9.3388,9.1835,
2026-03-23,9.01,8.82,9.3841,9.1736,
2026-03-24,8.84,8.66,9.3562,9.1805,
2026-03-25,9.23,9.04,9.3314,9.1876,
2026-03-26,9.0,8.81,9.3424,9.2062,
2026-03-27,9.2,9.01,9.3745,9.2173,
2026-03-30,8.75,8.57,9.3656,9.1956,
2026-03-31,8.95,8.77,9.3584,9.1868,
2026-04-01,9.03,8.84,9.3806,9.1812,
2026-04-02,8.6,8.42,9.3548,9.1586,
2026-04-06,9.15,8.96,9.3405,9.1363,
2026-04-07,9.19,9.0,9.33,9.135,
2026-04-08,9.2,9.01,9.3165,9.1324,
2026-04-09,9.61,9.41,9.3376,9.1835,
2026-04-10,9.44,9.25,9.3425,9.1975,
2026-04-13,9.45,9.26,9.3493,9.204,
2026-04-14,9.35,9.16,9.3737,9.2344,
2026-04-15,9.3,9.11,9.4206,9.2788,
2026-04-16,9.37,9.18,9.442,9.2473,
2026-04-17,9.63,9.43,9.4694,9.2933,
2026-04-20,9.63,9.43,9.5313,9.288,
2026-04-21,9.59,9.39,9.5362,9.3481,
2026-04-22,9.59,9.39,9.5881,9.3994,
2026-04-23,9.62,9.42,9.7186,9.4486,
2026-04-24,9.68,9.48,9.8006,9.4759,
2026-04-27,9.74,9.54,9.8408,9.5508,
2026-04-28,9.72,9.52,10.0355,9.7009,
2026-04-29,9.79,9.59,10.3838,9.6692,
2026-04-30,9.9,9.7,10.2508,9.3662,
2026-05-04,10.01,9.8,10.0033,9.555,
2026-05-05,10.08,9.87,10.0429,9.6386,
2026-05-06,10.2,9.99,10.0467,9.6617,2026-05-06T21:04:20.573992+00:00
2026-05-07,10.2,9.99,10.0658,9.7058,2026-09-30T02:53:53.901141+00:00
2026-05-08,10.31,10.1,10.084,9.636,2026-09-30T02:53:53.901160+00:00
2026-05-11,10.35,10.14,10.068,9.715,2026-09-30T02:53:53.901166+00:00
2026-05-12,10.39,10.18,10.0836,9.6818,2026-09-30T02:53:53.901171+00:00
2026-05-13,10.25,10.04,10.058,9.711,2026-09-30T02:53:53.901175+00:00
2026-05-14,10.32,10.11,10.0775,9.7492,2026-09-30T02:53:53.901179+00:00
2026-05-15,10.25,10.04,10.1083,9.82,2026-09-30T02:53:53.901182+00:00
2026-05-18,10.12,9.91,10.096,9.791,2026-09-30T02:53:53.901186+00:00
2026-05-19,10.19,9.98,10.0956,9.8367,2026-09-30T02:53:53.901190+00:00
2026-05-20,10.19,9.98,10.1,9.8433,2026-09-30T02:53:53.901194+00:00
2026-05-21,10.13,9.92,10.0789,9.7111,2026-09-30T02:53:53.901197+00:00
2026-05-22,10.15,9.94,10.056,9.689,2026-09-30T02:53:53.901201+00:00
2026-05-25,10.13,9.92,10.0489,9.7822,2026-09-30T02:53:53.901205+00:00
2026-05-26,10.11,9.9,10.0337,9.66,2026-09-30T02:53:53.901209+00:00
2026-05-27,10.11,9.9,10.0113,9.645,2026-09-30T02:53:53.901213+00:00
2026-05-28,10.14,9.93,10.0125,9.7163,2026-09-30T02:53:53.901216+00:00
2026-05-29,10.13,9.92,10.0075,9.745,2026-09-30T02:53:53.901220+00:00
2026-06-01,10.08,9.87,9.965,9.6283,2026-09-30T02:53:53.901224+00:00
2026-06-02,10.07,9.86,9.9714,9.7086,2026-09-30T02:53:53.901229+00:00
2026-06-03,9.92,9.72,9.995,9.7383,2026-09-30T02:53:53.901233+00:00
2026-06-08,10.11,9.9,9.9887,9.8362,2026-09-30T02:53:53.901237+00:00
2026-06-09,10.07,9.86,9.9856,9.8278,2026-09-30T02:53:53.901240+00:00
2026-06-10,10.0,9.79,9.9763,9.8163,2026-09-30T02:53:53.901243+00:00
2026-06-11,10.03,9.82,9.96,9.7671,2026-09-30T02:53:53.901246+00:00
2026-06-12,10.07,9.86,9.95,9.7425,2026-09-30T02:53:53.901248+00:00
2026-06-15,10.02,9.81,9.934,9.722,2026-09-30T02:53:53.901252+00:00
2026-06-16,9.94,9.74,9.9329,9.7486,2026-09-30T02:53:53.901255+00:00
2026-06-17,10.02,9.81,9.9171,9.7571,2026-09-30T02:53:53.901258+00:00
2026-06-18,10.01,9.8,9.9113,9.7825,2026-09-30T02:53:53.901261+00:00
2026-06-19,9.92,9.72,9.9489,9.82,2026-09-30T02:53:53.901264+00:00
2026-06-23,9.99,9.78,9.978,9.754,2026-09-30T02:53:53.901267+00:00
2026-06-24,9.96,9.76,9.9556,9.77,2026-09-30T02:53:53.901270+00:00
2026-06-25,9.93,9.73,9.939,9.734,2026-09-30T02:53:53.901273+00:00
2026-06-26,9.96,9.76,9.958,9.761,2026-09-30T02:53:53.901276+00:00
2026-06-27,,,9.9783,9.765,2026-06-29T03:12:31.608084+00:00
2026-06-28,,,9.9458,9.7108,2026-06-29T03:12:31.608875+00:00
2026-06-29,,,9.9457,9.6543,2026-06-30T06:51:23.469970+00:00
2026-06-30,,,9.9791,9.7891,2026-09-30T02:53:53.901284+00:00
2026-07-01,,,10.0312,9.79,2026-09-30T02:53:53.901287+00:00
2026-07-02,,,10.0382,9.7827,2026-09-30T02:53:53.901290+00:00
2026-07-03,,,10.029,9.722,2026-09-30T02:53:53.901292+00:00
2026-07-04,,,10.0454,9.8185,2026-09-30T02:53:53.901295+00:00
2026-07-05,,,10.0375,9.7292,2026-09-30T02:53:53.901298+00:00
2026-07-06,,,10.0456,9.8278,2026-09-30T02:53:53.901301+00:00
2026-07-07,,,10.1022,9.8956,2026-09-30T02:53:53.901305+00:00
2026-07-08,,,10.3227,9.9391,2026-09-30T02:53:53.901308+00:00
2026-07-09,,,10.5512,10.0463,2026-09-30T02:53:53.901310+00:00
2026-07-10,,,10.646,10.08,2026-09-30T02:53:53.901314+00:00
2026-07-11,,,10.6556,9.9944,2026-09-30T02:53:53.901317+00:00
2026-07-12,,,10.595,9.8671,2026-09-30T02:53:53.901320+00:00
2026-07-13,,,10.6045,10.1027,2026-09-30T02:53:53.901323+00:00
2026-07-14,,,10.6285,10.2246,2026-09-30T02:53:53.901326+00:00
2026-07-15,,,10.7408,10.2792,2026-09-30T02:53:53.901329+00:00
2026-07-16,,,10.7846,10.3023,2026-09-30T02:53:53.901332+00:00
2026-07-17,,,10.7771,10.2864,2026-09-30T02:53:53.901336+00:00
2026-07-18,,,10.826,10.266,2026-09-30T02:53:53.901339+00:00
2026-07-19,,,10.8294,10.2669,2026-09-30T02:53:53.901343+00:00
2026-07-20,,,10.935,10.498,2026-09-30T02:53:53.901346+00:00
2026-07-21,,,11.3317,10.6708,2026-09-30T02:53:53.901349+00:00
2026-07-22,,,11.5092,10.7267,2026-09-30T02:53:53.901353+00:00
2026-07-23,,,11.67,10.9242,2026-09-30T02:53:53.901356+00:00
2026-07-24,,,11.8233,11.06,2026-09-30T02:53:53.901359+00:00
2026-07-25,,,11.8236,10.63,2026-07-26T04:03:50.871397+00:00
2026-07-26,,,11.7971,10.5429,2026-09-30T02:53:53.901363+00:00
2026-07-27,,,11.7378,10.8322,2026-09-30T02:53:53.901367+00:00
2026-07-28,,,11.7908,11.0708,2026-09-30T02:53:53.901370+00:00
2026-07-29,,,11.9733,11.2525,2026-09-30T02:53:53.901373+00:00
2026-07-30,,,11.9736,11.2418,2026-09-30T02:53:53.901376+00:00
2026-07-31,,,12.0927,11.3218,2026-09-30T02:53:53.901380+00:00
2026-08-01,,,11.9521,10.7636,2026-09-30T02:53:53.901384+00:00
2026-08-02,,,11.9254,10.8685,2026-09-30T02:53:53.901388+00:00
2026-08-03,,,11.963,11.142,2026-09-30T02:53:53.901391+00:00
2026-08-04,,,11.8873,10.8918,2026-09-30T02:53:53.901395+00:00
2026-08-05,,,11.7136,10.7409,2026-09-30T02:53:53.901398+00:00
2026-08-06,,,11.5433,10.3617,2026-09-30T02:53:53.901402+00:00
2026-08-07,,,11.4479,10.5216,2026-09-30T02:53:53.901405+00:00
2026-08-08,,,11.3948,10.5448,2026-09-30T02:53:53.901408+00:00
2026-08-09,,,11.4814,10.6564,2026-09-30T02:53:53.901412+00:00
2026-08-10,,,11.6065,10.8818,2026-09-30T02:53:53.901415+00:00
2026-08-11,,,11.6389,10.9667,2026-09-30T02:53:53.901419+00:00
2026-08-12,,,11.6156,10.9083,2026-09-30T02:53:53.901422+00:00
2026-08-13,,,11.6025,11.0569,2026-09-30T02:53:53.901427+00:00
2026-08-14,,,11.5804,10.9612,2026-09-30T02:53:53.901430+00:00
2026-08-15,,,11.527,10.78,2026-09-30T02:53:53.901433+00:00
2026-08-16,,,11.5651,10.9565,2026-09-30T02:53:53.901437+00:00
2026-08-17,,,11.6644,11.0997,2026-09-30T02:53:53.901440+00:00
2026-08-18,,,11.6741,11.1609,2026-09-30T02:53:53.901443+00:00
2026-08-19,,,11.6674,11.1132,2026-09-30T02:53:53.901446+00:00
2026-08-20,,,11.6843,11.2557,2026-09-30T02:53:53.901450+00:00
2026-08-21,,,11.6897,11.225,2026-09-30T02:53:53.901453+00:00
2026-08-22,,,11.6686,11.1131,2026-09-30T02:53:53.901456+00:00
2026-08-23,,,11.6873,11.0819,2026-09-30T02:53:53.901460+00:00
2026-08-24,,,11.7185,11.2981,2026-09-30T02:53:53.901463+00:00
2026-08-25,,,11.8478,11.3926,2026-09-30T02:53:53.901467+00:00
2026-08-26,,,11.912,11.3587,2026-09-30T02:53:53.901471+00:00
2026-08-27,,,12.08,11.44,2026-09-30T02:53:53.901474+00:00
2026-08-28,,,12.1067,11.3933,2026-09-30T02:53:53.901477+00:00
2026-08-29,,,12.03,11.3033,2026-09-30T02:53:53.901481+00:00
2026-08-30,,,12.0267,11.4283,2026-09-30T02:53:53.901485+00:00
2026-08-31,,,12.0897,11.4715,2026-09-30T02:53:53.901488+00:00
2026-09-01,,,12.1602,11.4324,2026-09-30T02:53:53.901492+00:00
2026-09-02,,,12.4127,11.5988,2026-09-30T02:53:53.901495+00:00
2026-09-03,,,12.4851,11.584,2026-09-30T02:53:53.901498+00:00
2026-09-04,,,12.4983,11.5647,2026-09-30T02:53:53.901502+00:00
2026-09-05,,,12.4824,11.4358,2026-09-30T02:53:53.901505+00:00
2026-09-06,,,12.4837,11.5561,2026-09-30T02:53:53.901509+00:00
2026-09-07,,,12.5389,11.789,2026-09-30T02:53:53.901512+00:00
2026-09-08,,,12.5466,11.6124,2026-09-30T02:53:53.901515+00:00
2026-09-09,,,12.4091,11.4065,2026-09-30T02:53:53.901518+00:00
2026-09-10,,,12.1502,11.0349,2026-09-30T02:53:53.901522+00:00
2026-09-11,,,11.8389,10.7942,2026-09-30T02:53:53.901525+00:00
2026-09-12,,,11.8249,10.9439,2026-09-30T02:53:53.901528+00:00
2026-09-13,,,11.9368,11.0944,2026-09-30T02:53:53.901531+00:00
2026-09-14,,,11.8765,11.0098,2026-09-30T02:53:53.901535+00:00
2026-09-15,,,11.465,10.4684,2026-09-30T02:53:53.901539+00:00
2026-09-16,,,11.1475,10.0216,2026-09-30T02:53:53.901542+00:00
2026-09-17,,,11.3531,10.2067,2026-09-30T02:53:53.901545+00:00
2026-09-18,,,11.9247,10.6544,2026-09-30T02:53:53.901549+00:00
2026-09-19,,,12.2762,10.8953,2026-09-30T02:53:53.901551+00:00
2026-09-20,,,12.1352,10.8591,2026-09-30T02:53:53.901554+00:00
2026-09-21,,,12.2545,11.145,2026-09-30T02:53:53.901557+00:00
2026-09-22,,,12.3894,11.4574,2026-09-30T02:53:53.901560+00:00
2026-09-23,,,12.4292,11.4938,2026-09-30T02:53:53.901563+00:00
2026-09-24,,,12.3558,11.2882,2026-09-30T02:53:53.901566+00:00
2026-09-25,,,12.2039,10.9683,2026-09-30T02:53:53.901569+00:00
2026-09-26,,,12.1438,11.1257,2026-09-30T02:53:53.901572+00:00
2026-09-27,,,12.2361,11.2315,2026-09-30T02:53:53.901575+00:00
2026-09-28,,,12.217,11.1628,2026-09-30T02:53:53.901578+00:00
2026-09-29,,,12.1591,11.238,2026-09-30T16:58:20.558645+00:00
2026-09-30,,,12.1375,11.4243,2026-10-01T06:11:46.966346+00:00
2026-10-01,,,12.1726,11.4671,2026-10-02T05:55:01.113039+00:00
2026-10-02,,,12.1085,11.3689,2026-10-03T05:29:53.076842+00:00
2026-10-03,,,12.0608,11.4828,2026-10-04T06:04:37.213247+00:00
2026-10-04,,,12.0649,11.5286,2026-10-05T05:57:26.156093+00:00
2026-10-05,,,12.0649,11.5568,2026-10-06T06:35:29.614337+00:00
2026-10-06,,,12.0036,11.2503,2026-10-07T06:12:57.481171+00:00
2026-10-07,,,12.0433,10.7344,2026-10-07T06:12:57.481717+00:00
