fecha,tco,vol_usd,tx,vig_desde,vig_hasta,metodo,media_pond,mediana_pond,timestamp_utc
2026-06-26,9.73,17323468,290,2026-06-27,2026-06-29,media,9.7349,9.8,2026-09-30T02:54:06.704274+00:00
2026-06-29,9.76,17379767,1659,2026-06-30,2026-06-30,media,9.7553,9.805,2026-09-30T02:54:06.704274+00:00
2026-06-30,9.76,10395157,1306,2026-07-01,2026-07-01,media,9.7565,9.78,2026-09-30T02:54:06.704274+00:00
2026-07-01,9.78,29872825,3257,2026-07-02,2026-07-02,media,9.7817,9.795,2026-09-30T02:54:06.704274+00:00
2026-07-02,9.8,21101076,2134,2026-07-03,2026-07-03,media,9.7959,9.81,2026-09-30T02:54:06.704274+00:00
2026-07-03,9.83,22090693,2048,2026-07-04,2026-07-06,media,9.8292,9.83,2026-09-30T02:54:06.704274+00:00
2026-07-06,9.89,11876844,1211,2026-07-07,2026-07-07,media,9.8871,9.9,2026-09-30T02:54:06.704274+00:00
2026-07-07,9.96,23859096,1109,2026-07-08,2026-07-08,media,9.961,9.98,2026-09-30T02:54:06.704274+00:00
2026-07-08,10.1,28455257,938,2026-07-09,2026-07-09,media,10.1045,10.1,2026-09-30T02:54:06.704274+00:00
2026-07-09,10.24,29768606,930,2026-07-10,2026-07-10,media,10.2378,10.26,2026-09-30T02:54:06.704274+00:00
2026-07-10,10.4,36883973,994,2026-07-11,2026-07-13,media,10.3984,10.4,2026-09-30T02:54:06.704274+00:00
2026-07-13,10.5,11528045,1031,2026-07-14,2026-07-14,media,10.5029,10.56,2026-09-30T02:54:06.704274+00:00
2026-07-14,10.7,42988673,1007,2026-07-15,2026-07-15,media,10.6979,10.705,2026-09-30T02:54:06.704274+00:00
2026-07-15,10.75,18128517,1452,2026-07-16,2026-07-17,media,10.7535,10.77,2026-09-30T02:54:06.704274+00:00
2026-07-17,10.85,37816606,1259,2026-07-18,2026-07-20,media,10.8504,10.9,2026-09-30T02:54:06.704274+00:00
2026-07-20,10.9,15257217,1188,2026-07-21,2026-07-21,media,10.9027,10.95,2026-09-30T02:54:06.704274+00:00
2026-07-21,11.0,24822845,1138,2026-07-22,2026-07-22,media,11.0041,11.05,2026-09-30T02:54:06.704274+00:00
2026-07-22,11.13,39038276,1216,2026-07-23,2026-07-23,media,11.1338,11.135,2026-09-30T02:54:06.704274+00:00
2026-07-23,11.21,28564660,1148,2026-07-24,2026-07-24,media,11.21,11.23,2026-09-30T02:54:06.704274+00:00
2026-07-24,11.37,38397534,1147,2026-07-25,2026-07-27,media,11.3657,11.41,2026-09-30T02:54:06.704274+00:00
2026-07-27,11.54,21140379,1069,2026-07-28,2026-07-28,media,11.5361,11.5,2026-09-30T02:54:06.704274+00:00
2026-07-28,11.8,38853476,1112,2026-07-29,2026-07-29,media,11.7973,11.8,2026-09-30T02:54:06.704274+00:00
2026-07-29,11.89,41659337,1309,2026-07-30,2026-07-30,media,11.8861,11.82,2026-09-30T02:54:06.704274+00:00
2026-07-30,12.15,38725847,1438,2026-07-31,2026-07-31,media,12.1518,12.2,2026-09-30T02:54:06.704274+00:00
2026-07-31,12.13,41162394,1820,2026-08-01,2026-08-03,media,12.1302,12.15,2026-09-30T02:54:06.704274+00:00
2026-08-03,12.08,26814902,1708,2026-08-04,2026-08-04,media,12.0839,12.13,2026-09-30T02:54:06.704274+00:00
2026-08-04,12.02,159940755,3008,2026-08-05,2026-08-05,media,12.0215,12.035,2026-09-30T02:54:06.704274+00:00
2026-08-05,11.86,60483040,2044,2026-08-06,2026-08-10,media,11.8573,11.87,2026-09-30T02:54:06.704274+00:00
2026-08-10,11.77,62709169,2036,2026-08-11,2026-08-11,media,11.7749,11.8,2026-09-30T02:54:06.704274+00:00
2026-08-11,11.71,96255618,1553,2026-08-12,2026-08-12,media,11.7125,11.725,2026-09-30T02:54:06.704274+00:00
2026-08-12,11.66,38911851,1443,2026-08-13,2026-08-13,media,11.6587,11.7,2026-09-30T02:54:06.704274+00:00
2026-08-13,11.62,42098061,1225,2026-08-14,2026-08-14,media,11.6203,11.66,2026-09-30T02:54:06.704274+00:00
2026-08-14,11.58,36316075,1223,2026-08-15,2026-08-17,media,11.5764,11.58,2026-09-30T02:54:06.704274+00:00
2026-08-17,11.55,29279047,1242,2026-08-18,2026-08-18,media,11.5528,11.5656,2026-09-30T02:54:06.704274+00:00
2026-08-18,11.52,69459180,1103,2026-08-19,2026-08-19,media,11.5153,11.515,2026-09-30T02:54:06.704274+00:00
2026-08-19,11.52,34297489,1161,2026-08-20,2026-08-20,media,11.5182,11.515,2026-09-30T02:54:06.704274+00:00
2026-08-20,11.52,32711090,1175,2026-08-21,2026-08-21,media,11.5156,11.525,2026-09-30T02:54:06.704274+00:00
2026-08-21,11.5,17678278,1249,2026-08-22,2026-08-24,media,11.5021,11.54,2026-09-30T02:54:06.704274+00:00
2026-08-24,11.54,20497727,1271,2026-08-25,2026-08-25,media,11.5359,11.58,2026-09-30T02:54:06.704274+00:00
2026-08-25,11.57,45370766,1422,2026-08-26,2026-08-26,media,11.5744,11.53,2026-09-30T02:54:06.704274+00:00
2026-08-26,11.71,49511626,1360,2026-08-27,2026-08-27,media,11.7075,11.72,2026-09-30T02:54:06.704274+00:00
2026-08-27,11.83,28362869,1452,2026-08-28,2026-08-28,media,11.8275,11.85,2026-09-30T02:54:06.704274+00:00
2026-08-28,11.92,21903543,1389,2026-08-29,2026-08-31,media,11.9235,12.0,2026-09-30T02:54:06.704274+00:00
2026-08-31,12.12,19570020,1593,2026-09-01,2026-09-01,media,12.1156,12.2,2026-09-30T02:54:06.704274+00:00
2026-09-01,12.26,35415989,1376,2026-09-02,2026-09-02,media,12.2637,12.3,2026-09-30T02:54:06.704274+00:00
2026-09-02,12.32,52636568,1489,2026-09-03,2026-09-03,media,12.3202,12.255,2026-09-30T02:54:06.704274+00:00
2026-09-03,12.45,32254330,1556,2026-09-04,2026-09-04,media,12.4534,12.45,2026-09-30T02:54:06.704274+00:00
2026-09-04,12.58,56770445,1969,2026-09-05,2026-09-07,media,12.5766,12.6,2026-09-30T02:54:06.704274+00:00
2026-09-07,12.6,18138141,1683,2026-09-08,2026-09-08,media,12.5961,12.6,2026-09-30T02:54:06.704274+00:00
2026-09-08,12.64,40288093,1765,2026-09-09,2026-09-09,media,12.641,12.68,2026-09-30T02:54:06.704274+00:00
2026-09-09,12.42,93748487,1704,2026-09-10,2026-09-10,media,12.4214,12.4,2026-09-30T02:54:06.704274+00:00
2026-09-10,12.04,30730449,2085,2026-09-11,2026-09-11,media,12.0413,12.0,2026-09-30T02:54:06.704274+00:00
2026-09-11,11.53,20723470,5488,2026-09-12,2026-09-14,media,11.5348,11.69,2026-09-30T02:54:06.704274+00:00
2026-09-14,10.99,14344975,835,2026-09-15,2026-09-15,media,10.9877,11.0,2026-09-30T02:54:06.704274+00:00
2026-09-15,10.15,36737044,1575,2026-09-16,2026-09-16,media,10.1478,9.8,2026-09-30T02:54:06.704274+00:00
2026-09-16,9.83,30214426,1603,2026-09-17,2026-09-17,media,9.827,9.75,2026-09-30T02:54:06.704274+00:00
2026-09-17,10.01,21029306,1435,2026-09-18,2026-09-18,media,10.0081,10.0,2026-09-30T02:54:06.704274+00:00
2026-09-18,11.0,29807425,6379,2026-09-19,2026-09-21,media,10.9966,11.0,2026-09-30T02:54:06.704274+00:00
2026-09-21,11.9,23474870,1635,2026-09-22,2026-09-22,media,11.9048,12.1,2026-09-30T02:54:06.704274+00:00
2026-09-22,12.06,80360311,1864,2026-09-23,2026-09-23,media,12.0573,11.94,2026-09-30T02:54:06.704274+00:00
2026-09-23,12.26,33039004,1569,2026-09-24,2026-09-24,media,12.2596,12.3,2026-09-30T02:54:06.704274+00:00
2026-09-24,12.22,41789188,1172,2026-09-25,2026-09-25,media,12.2228,12.245,2026-09-30T02:54:06.704274+00:00
2026-09-25,12.05,22135660,2050,2026-09-26,2026-09-28,mediana,12.0791,12.05,2026-09-30T02:54:06.704274+00:00
2026-09-28,12.02,30439067,2181,2026-09-29,2026-09-29,mediana,11.9704,12.02,2026-09-30T02:54:06.704274+00:00
2026-09-29,12.02,37821639,2407,2026-09-30,2026-09-30,mediana,11.9822,12.02,2026-09-30T03:31:40.623842+00:00
2026-09-30,12.0,34720754,2628,2026-10-01,2026-10-01,mediana,11.9744,12.0,2026-10-01T10:29:18.999850+00:00
2026-10-01,11.9,47110451,2544,2026-10-02,2026-10-02,mediana,11.9163,11.9,2026-10-02T06:08:34.428719+00:00
2026-10-02,12.0,30208775,2657,2026-10-03,2026-10-05,mediana,11.9408,12.0,2026-10-03T05:42:43.719794+00:00
2026-10-05,11.97,31527269,2597,2026-10-06,2026-10-06,mediana,11.9513,11.974,2026-10-06T06:49:39.410594+00:00
2026-10-06,11.97,40202205,2914,2026-10-07,2026-10-07,mediana,11.9439,11.97,2026-10-07T06:24:48.227043+00:00
