fecha,banco,tco,tx,monto_usd,timestamp_utc
2026-06-26,BCR,9.46,,,2026-09-26T05:23:37.273680+00:00
2026-06-26,BISA,9.72,,,2026-09-26T05:23:37.273680+00:00
2026-06-26,BNA,9.7,,,2026-09-26T05:23:37.273680+00:00
2026-06-26,BNB,9.75,,,2026-09-26T05:23:37.273680+00:00
2026-06-26,ECOFUTURO,,,,2026-07-05T15:37:47.904646+00:00
2026-06-26,ECONÓMICO,9.77,,,2026-09-26T05:23:37.273680+00:00
2026-06-26,FIE,,,,2026-07-05T15:37:47.904646+00:00
2026-06-26,FORTALEZA,9.82,,,2026-09-26T05:23:37.273680+00:00
2026-06-26,GANADERO,9.78,,,2026-09-26T05:23:37.273680+00:00
2026-06-26,MERCANTIL,9.64,,,2026-09-26T05:23:37.273680+00:00
2026-06-26,PRODEM,,,,2026-07-05T15:37:47.904646+00:00
2026-06-26,PYME COM.,,,,2026-07-05T15:37:47.904646+00:00
2026-06-26,SOLIDARIO,9.63,,,2026-09-26T05:23:37.273680+00:00
2026-06-26,UNIÓN,9.05,,,2026-09-26T05:23:37.273680+00:00
2026-06-29,BCR,9.67,,,2026-09-26T05:23:37.273680+00:00
2026-06-29,BISA,9.73,,,2026-09-26T05:23:37.273680+00:00
2026-06-29,BNA,9.63,,,2026-09-26T05:23:37.273680+00:00
2026-06-29,BNB,9.59,,,2026-09-26T05:23:37.273680+00:00
2026-06-29,ECOFUTURO,9.73,,,2026-09-26T05:23:37.273680+00:00
2026-06-29,ECONÓMICO,9.79,,,2026-09-26T05:23:37.273680+00:00
2026-06-29,FIE,9.73,,,2026-09-26T05:23:37.273680+00:00
2026-06-29,FORTALEZA,9.73,,,2026-09-26T05:23:37.273680+00:00
2026-06-29,GANADERO,9.7,,,2026-09-26T05:23:37.273680+00:00
2026-06-29,MERCANTIL,9.8,,,2026-09-26T05:23:37.273680+00:00
2026-06-29,PRODEM,9.63,,,2026-09-26T05:23:37.273680+00:00
2026-06-29,PYME COM.,9.73,,,2026-09-26T05:23:37.273680+00:00
2026-06-29,SOLIDARIO,9.73,,,2026-09-26T05:23:37.273680+00:00
2026-06-29,UNIÓN,9.73,,,2026-09-26T05:23:37.273680+00:00
2026-06-30,BCR,9.78,,,2026-09-26T05:23:37.273680+00:00
2026-06-30,BISA,9.79,,,2026-09-26T05:23:37.273680+00:00
2026-06-30,BNA,9.66,,,2026-09-26T05:23:37.273680+00:00
2026-06-30,BNB,9.57,,,2026-09-26T05:23:37.273680+00:00
2026-06-30,ECOFUTURO,9.76,,,2026-09-26T05:23:37.273680+00:00
2026-06-30,ECONÓMICO,9.72,,,2026-09-26T05:23:37.273680+00:00
2026-06-30,FIE,9.66,,,2026-09-26T05:23:37.273680+00:00
2026-06-30,FORTALEZA,9.71,,,2026-09-26T05:23:37.273680+00:00
2026-06-30,GANADERO,9.73,,,2026-09-26T05:23:37.273680+00:00
2026-06-30,MERCANTIL,9.77,,,2026-09-26T05:23:37.273680+00:00
2026-06-30,PRODEM,9.56,,,2026-09-26T05:23:37.273680+00:00
2026-06-30,PYME COM.,9.76,,,2026-09-26T05:23:37.273680+00:00
2026-06-30,SOLIDARIO,9.79,,,2026-09-26T05:23:37.273680+00:00
2026-06-30,UNIÓN,9.76,,,2026-09-26T05:23:37.273680+00:00
2026-07-01,BCR,9.77,,,2026-09-26T05:23:37.273680+00:00
2026-07-01,BISA,9.79,,,2026-09-26T05:23:37.273680+00:00
2026-07-01,BNA,9.66,,,2026-09-26T05:23:37.273680+00:00
2026-07-01,BNB,9.75,,,2026-09-26T05:23:37.273680+00:00
2026-07-01,ECOFUTURO,9.36,,,2026-09-26T05:23:37.273680+00:00
2026-07-01,ECONÓMICO,9.76,,,2026-09-26T05:23:37.273680+00:00
2026-07-01,FIE,9.66,,,2026-09-26T05:23:37.273680+00:00
2026-07-01,FORTALEZA,9.75,,,2026-09-26T05:23:37.273680+00:00
2026-07-01,GANADERO,9.78,,,2026-09-26T05:23:37.273680+00:00
2026-07-01,MERCANTIL,9.56,,,2026-09-26T05:23:37.273680+00:00
2026-07-01,PRODEM,9.36,,,2026-09-26T05:23:37.273680+00:00
2026-07-01,PYME COM.,9.76,,,2026-09-26T05:23:37.273680+00:00
2026-07-01,SOLIDARIO,9.76,,,2026-09-26T05:23:37.273680+00:00
2026-07-01,UNIÓN,9.89,,,2026-09-26T05:23:37.273680+00:00
2026-07-02,BCR,9.86,,,2026-09-26T05:23:37.273680+00:00
2026-07-02,BISA,9.81,,,2026-09-26T05:23:37.273680+00:00
2026-07-02,BNA,9.77,,,2026-09-26T05:23:37.273680+00:00
2026-07-02,BNB,9.78,,,2026-09-26T05:23:37.273680+00:00
2026-07-02,ECOFUTURO,9.38,,,2026-09-26T05:23:37.273680+00:00
2026-07-02,ECONÓMICO,9.78,,,2026-09-26T05:23:37.273680+00:00
2026-07-02,FIE,9.68,,,2026-09-26T05:23:37.273680+00:00
2026-07-02,FORTALEZA,9.78,,,2026-09-26T05:23:37.273680+00:00
2026-07-02,GANADERO,9.78,,,2026-09-26T05:23:37.273680+00:00
2026-07-02,MERCANTIL,9.72,,,2026-09-26T05:23:37.273680+00:00
2026-07-02,PRODEM,9.48,,,2026-09-26T05:23:37.273680+00:00
2026-07-02,PYME COM.,9.78,,,2026-09-26T05:23:37.273680+00:00
2026-07-02,SOLIDARIO,9.77,,,2026-09-26T05:23:37.273680+00:00
2026-07-02,UNIÓN,9.78,,,2026-09-26T05:23:37.273680+00:00
2026-07-03,BCR,9.88,,,2026-09-26T05:23:37.273680+00:00
2026-07-03,BISA,9.84,,,2026-09-26T05:23:37.273680+00:00
2026-07-03,BNA,9.7,,,2026-09-26T05:23:37.273680+00:00
2026-07-03,BNB,9.8,,,2026-09-26T05:23:37.273680+00:00
2026-07-03,ECOFUTURO,9.4,,,2026-09-26T05:23:37.273680+00:00
2026-07-03,ECONÓMICO,9.89,,,2026-09-26T05:23:37.273680+00:00
2026-07-03,FIE,9.7,,,2026-09-26T05:23:37.273680+00:00
2026-07-03,FORTALEZA,9.81,,,2026-09-26T05:23:37.273680+00:00
2026-07-03,GANADERO,9.81,,,2026-09-26T05:23:37.273680+00:00
2026-07-03,MERCANTIL,9.84,,,2026-09-26T05:23:37.273680+00:00
2026-07-03,PRODEM,9.7,,,2026-09-26T05:23:37.273680+00:00
2026-07-03,PYME COM.,9.8,,,2026-09-26T05:23:37.273680+00:00
2026-07-03,SOLIDARIO,9.85,,,2026-09-26T05:23:37.273680+00:00
2026-07-03,UNIÓN,9.8,,,2026-09-26T05:23:37.273680+00:00
2026-07-06,BCR,9.93,,,2026-09-26T05:23:37.273680+00:00
2026-07-06,BISA,9.88,,,2026-09-26T05:23:37.273680+00:00
2026-07-06,BNA,9.8,,,2026-09-26T05:23:37.273680+00:00
2026-07-06,BNB,9.8,,,2026-09-26T05:23:37.273680+00:00
2026-07-06,ECOFUTURO,9.43,,,2026-09-26T05:23:37.273680+00:00
2026-07-06,ECONÓMICO,9.89,,,2026-09-26T05:23:37.273680+00:00
2026-07-06,FIE,9.73,,,2026-09-26T05:23:37.273680+00:00
2026-07-06,FORTALEZA,9.76,,,2026-09-26T05:23:37.273680+00:00
2026-07-06,GANADERO,9.71,,,2026-09-26T05:23:37.273680+00:00
2026-07-06,MERCANTIL,10.0,,,2026-09-26T05:23:37.273680+00:00
2026-07-06,PRODEM,9.73,,,2026-09-26T05:23:37.273680+00:00
2026-07-06,PYME COM.,9.83,,,2026-09-26T05:23:37.273680+00:00
2026-07-06,SOLIDARIO,9.9,,,2026-09-26T05:23:37.273680+00:00
2026-07-06,UNIÓN,9.83,,,2026-09-26T05:23:37.273680+00:00
2026-07-07,BCR,9.91,,,2026-09-26T05:23:37.273680+00:00
2026-07-07,BISA,9.97,,,2026-09-26T05:23:37.273680+00:00
2026-07-07,BNA,9.82,,,2026-09-26T05:23:37.273680+00:00
2026-07-07,BNB,9.95,,,2026-09-26T05:23:37.273680+00:00
2026-07-07,ECOFUTURO,9.49,,,2026-09-26T05:23:37.273680+00:00
2026-07-07,ECONÓMICO,9.99,,,2026-09-26T05:23:37.273680+00:00
2026-07-07,FIE,9.79,,,2026-09-26T05:23:37.273680+00:00
2026-07-07,FORTALEZA,9.89,,,2026-09-26T05:23:37.273680+00:00
2026-07-07,GANADERO,9.95,,,2026-09-26T05:23:37.273680+00:00
2026-07-07,MERCANTIL,10.01,,,2026-09-26T05:23:37.273680+00:00
2026-07-07,PRODEM,9.79,,,2026-09-26T05:23:37.273680+00:00
2026-07-07,PYME COM.,9.89,,,2026-09-26T05:23:37.273680+00:00
2026-07-07,SOLIDARIO,9.97,,,2026-09-26T05:23:37.273680+00:00
2026-07-07,UNIÓN,9.89,,,2026-09-26T05:23:37.273680+00:00
2026-07-08,BCR,10.07,,,2026-09-26T05:23:37.273680+00:00
2026-07-08,BISA,10.09,,,2026-09-26T05:23:37.273680+00:00
2026-07-08,BNA,9.86,,,2026-09-26T05:23:37.273680+00:00
2026-07-08,BNB,9.94,,,2026-09-26T05:23:37.273680+00:00
2026-07-08,ECOFUTURO,9.56,,,2026-09-26T05:23:37.273680+00:00
2026-07-08,ECONÓMICO,9.92,,,2026-09-26T05:23:37.273680+00:00
2026-07-08,FIE,9.86,,,2026-09-26T05:23:37.273680+00:00
2026-07-08,FORTALEZA,10.07,,,2026-09-26T05:23:37.273680+00:00
2026-07-08,GANADERO,10.04,,,2026-09-26T05:23:37.273680+00:00
2026-07-08,MERCANTIL,10.21,,,2026-09-26T05:23:37.273680+00:00
2026-07-08,PRODEM,9.86,,,2026-09-26T05:23:37.273680+00:00
2026-07-08,PYME COM.,9.96,,,2026-09-26T05:23:37.273680+00:00
2026-07-08,SOLIDARIO,10.06,,,2026-09-26T05:23:37.273680+00:00
2026-07-08,UNIÓN,9.96,,,2026-09-26T05:23:37.273680+00:00
2026-07-09,BCR,10.26,,,2026-09-26T05:23:37.273680+00:00
2026-07-09,BISA,10.23,,,2026-09-26T05:23:37.273680+00:00
2026-07-09,BNA,10.0,,,2026-09-26T05:23:37.273680+00:00
2026-07-09,BNB,10.14,,,2026-09-26T05:23:37.273680+00:00
2026-07-09,ECOFUTURO,9.7,,,2026-09-26T05:23:37.273680+00:00
2026-07-09,ECONÓMICO,10.24,,,2026-09-26T05:23:37.273680+00:00
2026-07-09,FIE,10.0,,,2026-09-26T05:23:37.273680+00:00
2026-07-09,FORTALEZA,7.5,,,2026-09-26T05:23:37.273680+00:00
2026-07-09,GANADERO,10.13,,,2026-09-26T05:23:37.273680+00:00
2026-07-09,MERCANTIL,10.28,,,2026-09-26T05:23:37.273680+00:00
2026-07-09,PRODEM,10.0,,,2026-09-26T05:23:37.273680+00:00
2026-07-09,PYME COM.,10.1,,,2026-09-26T05:23:37.273680+00:00
2026-07-09,SOLIDARIO,10.38,,,2026-09-26T05:23:37.273680+00:00
2026-07-09,UNIÓN,10.1,,,2026-09-26T05:23:37.273680+00:00
2026-07-10,BCR,10.57,,,2026-09-26T05:23:37.273680+00:00
2026-07-10,BISA,10.38,,,2026-09-26T05:23:37.273680+00:00
2026-07-10,BNA,10.18,,,2026-09-26T05:23:37.273680+00:00
2026-07-10,BNB,10.24,,,2026-09-26T05:23:37.273680+00:00
2026-07-10,ECOFUTURO,9.84,,,2026-09-26T05:23:37.273680+00:00
2026-07-10,ECONÓMICO,10.54,,,2026-09-26T05:23:37.273680+00:00
2026-07-10,FIE,10.19,,,2026-09-26T05:23:37.273680+00:00
2026-07-10,FORTALEZA,10.27,,,2026-09-26T05:23:37.273680+00:00
2026-07-10,GANADERO,10.3,,,2026-09-26T05:23:37.273680+00:00
2026-07-10,MERCANTIL,10.33,,,2026-09-26T05:23:37.273680+00:00
2026-07-10,PRODEM,10.14,,,2026-09-26T05:23:37.273680+00:00
2026-07-10,PYME COM.,10.24,,,2026-09-26T05:23:37.273680+00:00
2026-07-10,SOLIDARIO,10.57,,,2026-09-26T05:23:37.273680+00:00
2026-07-10,UNIÓN,10.24,,,2026-09-26T05:23:37.273680+00:00
2026-07-13,BCR,10.38,,,2026-09-26T05:23:37.273680+00:00
2026-07-13,BISA,10.53,,,2026-09-26T05:23:37.273680+00:00
2026-07-13,BNA,10.35,,,2026-09-26T05:23:37.273680+00:00
2026-07-13,BNB,10.34,,,2026-09-26T05:23:37.273680+00:00
2026-07-13,ECOFUTURO,10.0,,,2026-09-26T05:23:37.273680+00:00
2026-07-13,ECONÓMICO,10.53,,,2026-09-26T05:23:37.273680+00:00
2026-07-13,FIE,10.49,,,2026-09-26T05:23:37.273680+00:00
2026-07-13,FORTALEZA,10.4,,,2026-09-26T05:23:37.273680+00:00
2026-07-13,GANADERO,10.11,,,2026-09-26T05:23:37.273680+00:00
2026-07-13,MERCANTIL,10.66,,,2026-09-26T05:23:37.273680+00:00
2026-07-13,PRODEM,10.3,,,2026-09-26T05:23:37.273680+00:00
2026-07-13,PYME COM.,10.4,,,2026-09-26T05:23:37.273680+00:00
2026-07-13,SOLIDARIO,10.55,,,2026-09-26T05:23:37.273680+00:00
2026-07-13,UNIÓN,10.4,,,2026-09-26T05:23:37.273680+00:00
2026-07-14,BCR,10.73,,,2026-09-26T05:23:37.273680+00:00
2026-07-14,BISA,10.59,,,2026-09-26T05:23:37.273680+00:00
2026-07-14,BNA,10.43,,,2026-09-26T05:23:37.273680+00:00
2026-07-14,BNB,10.4,,,2026-09-26T05:23:37.273680+00:00
2026-07-14,ECOFUTURO,10.1,,,2026-09-26T05:23:37.273680+00:00
2026-07-14,ECONÓMICO,10.72,,,2026-09-26T05:23:37.273680+00:00
2026-07-14,FIE,10.8,,,2026-09-26T05:23:37.273680+00:00
2026-07-14,FORTALEZA,10.7,,,2026-09-26T05:23:37.273680+00:00
2026-07-14,GANADERO,10.58,,,2026-09-26T05:23:37.273680+00:00
2026-07-14,MERCANTIL,10.81,,,2026-09-26T05:23:37.273680+00:00
2026-07-14,PRODEM,10.4,,,2026-09-26T05:23:37.273680+00:00
2026-07-14,PYME COM.,10.5,,,2026-09-26T05:23:37.273680+00:00
2026-07-14,SOLIDARIO,10.52,,,2026-09-26T05:23:37.273680+00:00
2026-07-14,UNIÓN,10.5,,,2026-09-26T05:23:37.273680+00:00
2026-07-15,BCR,10.84,,,2026-09-26T05:23:37.273680+00:00
2026-07-15,BISA,10.71,,,2026-09-26T05:23:37.273680+00:00
2026-07-15,BNA,10.69,,,2026-09-26T05:23:37.273680+00:00
2026-07-15,BNB,10.75,,,2026-09-26T05:23:37.273680+00:00
2026-07-15,ECOFUTURO,10.3,,,2026-09-26T05:23:37.273680+00:00
2026-07-15,ECONÓMICO,10.67,,,2026-09-26T05:23:37.273680+00:00
2026-07-15,FIE,10.6,,,2026-09-26T05:23:37.273680+00:00
2026-07-15,FORTALEZA,10.77,,,2026-09-26T05:23:37.273680+00:00
2026-07-15,GANADERO,10.69,,,2026-09-26T05:23:37.273680+00:00
2026-07-15,MERCANTIL,10.69,,,2026-09-26T05:23:37.273680+00:00
2026-07-15,PRODEM,10.6,,,2026-09-26T05:23:37.273680+00:00
2026-07-15,PYME COM.,10.7,,,2026-09-26T05:23:37.273680+00:00
2026-07-15,SOLIDARIO,10.9,,,2026-09-26T05:23:37.273680+00:00
2026-07-15,UNIÓN,10.7,,,2026-09-26T05:23:37.273680+00:00
2026-07-17,BCR,10.86,,,2026-09-26T05:23:37.273680+00:00
2026-07-17,BISA,10.93,,,2026-09-26T05:23:37.273680+00:00
2026-07-17,BNA,10.74,,,2026-09-26T05:23:37.273680+00:00
2026-07-17,BNB,10.75,,,2026-09-26T05:23:37.273680+00:00
2026-07-17,ECOFUTURO,11.13,,,2026-09-26T05:23:37.273680+00:00
2026-07-17,ECONÓMICO,10.75,,,2026-09-26T05:23:37.273680+00:00
2026-07-17,FIE,10.65,,,2026-09-26T05:23:37.273680+00:00
2026-07-17,FORTALEZA,10.8,,,2026-09-26T05:23:37.273680+00:00
2026-07-17,GANADERO,10.88,,,2026-09-26T05:23:37.273680+00:00
2026-07-17,MERCANTIL,10.82,,,2026-09-26T05:23:37.273680+00:00
2026-07-17,PRODEM,10.65,,,2026-09-26T05:23:37.273680+00:00
2026-07-17,PYME COM.,10.75,,,2026-09-26T05:23:37.273680+00:00
2026-07-17,SOLIDARIO,10.99,,,2026-09-26T05:23:37.273680+00:00
2026-07-17,UNIÓN,10.75,,,2026-09-26T05:23:37.273680+00:00
2026-07-20,BCR,10.9,,,2026-09-26T05:23:37.273680+00:00
2026-07-20,BISA,10.94,,,2026-09-26T05:23:37.273680+00:00
2026-07-20,BNA,10.76,,,2026-09-26T05:23:37.273680+00:00
2026-07-20,BNB,10.78,,,2026-09-26T05:23:37.273680+00:00
2026-07-20,ECOFUTURO,10.45,,,2026-09-26T05:23:37.273680+00:00
2026-07-20,ECONÓMICO,10.84,,,2026-09-26T05:23:37.273680+00:00
2026-07-20,FIE,10.75,,,2026-09-26T05:23:37.273680+00:00
2026-07-20,FORTALEZA,10.79,,,2026-09-26T05:23:37.273680+00:00
2026-07-20,GANADERO,10.86,,,2026-09-26T05:23:37.273680+00:00
2026-07-20,MERCANTIL,10.85,,,2026-09-26T05:23:37.273680+00:00
2026-07-20,PRODEM,10.75,,,2026-09-26T05:23:37.273680+00:00
2026-07-20,PYME COM.,10.85,,,2026-09-26T05:23:37.273680+00:00
2026-07-20,SOLIDARIO,11.01,,,2026-09-26T05:23:37.273680+00:00
2026-07-20,UNIÓN,10.9,,,2026-09-26T05:23:37.273680+00:00
2026-07-21,BCR,11.06,,,2026-09-26T05:23:37.273680+00:00
2026-07-21,BISA,11.0,,,2026-09-26T05:23:37.273680+00:00
2026-07-21,BNA,10.96,,,2026-09-26T05:23:37.273680+00:00
2026-07-21,BNB,10.91,,,2026-09-26T05:23:37.273680+00:00
2026-07-21,ECOFUTURO,10.9,,,2026-09-26T05:23:37.273680+00:00
2026-07-21,ECONÓMICO,10.8,,,2026-09-26T05:23:37.273680+00:00
2026-07-21,FIE,10.9,,,2026-09-26T05:23:37.273680+00:00
2026-07-21,FORTALEZA,10.96,,,2026-09-26T05:23:37.273680+00:00
2026-07-21,GANADERO,10.98,,,2026-09-26T05:23:37.273680+00:00
2026-07-21,MERCANTIL,10.91,,,2026-09-26T05:23:37.273680+00:00
2026-07-21,PRODEM,10.8,,,2026-09-26T05:23:37.273680+00:00
2026-07-21,PYME COM.,10.9,,,2026-09-26T05:23:37.273680+00:00
2026-07-21,SOLIDARIO,11.06,,,2026-09-26T05:23:37.273680+00:00
2026-07-21,UNIÓN,10.9,,,2026-09-26T05:23:37.273680+00:00
2026-07-22,BCR,11.12,,,2026-09-26T05:23:37.273680+00:00
2026-07-22,BISA,11.09,,,2026-09-26T05:23:37.273680+00:00
2026-07-22,BNA,10.92,,,2026-09-26T05:23:37.273680+00:00
2026-07-22,BNB,11.09,,,2026-09-26T05:23:37.273680+00:00
2026-07-22,ECOFUTURO,10.6,,,2026-09-26T05:23:37.273680+00:00
2026-07-22,ECONÓMICO,11.19,,,2026-09-26T05:23:37.273680+00:00
2026-07-22,FIE,10.9,,,2026-09-26T05:23:37.273680+00:00
2026-07-22,FORTALEZA,10.98,,,2026-09-26T05:23:37.273680+00:00
2026-07-22,GANADERO,11.19,,,2026-09-26T05:23:37.273680+00:00
2026-07-22,MERCANTIL,11.11,,,2026-09-26T05:23:37.273680+00:00
2026-07-22,PRODEM,10.9,,,2026-09-26T05:23:37.273680+00:00
2026-07-22,PYME COM.,11.0,,,2026-09-26T05:23:37.273680+00:00
2026-07-22,SOLIDARIO,11.24,,,2026-09-26T05:23:37.273680+00:00
2026-07-22,UNIÓN,11.0,,,2026-09-26T05:23:37.273680+00:00
2026-07-23,BCR,11.18,,,2026-09-26T05:23:37.273680+00:00
2026-07-23,BISA,11.22,,,2026-09-26T05:23:37.273680+00:00
2026-07-23,BNA,11.03,,,2026-09-26T05:23:37.273680+00:00
2026-07-23,BNB,11.11,,,2026-09-26T05:23:37.273680+00:00
2026-07-23,ECOFUTURO,10.73,,,2026-09-26T05:23:37.273680+00:00
2026-07-23,ECONÓMICO,11.23,,,2026-09-26T05:23:37.273680+00:00
2026-07-23,FIE,11.03,,,2026-09-26T05:23:37.273680+00:00
2026-07-23,FORTALEZA,11.36,,,2026-09-26T05:23:37.273680+00:00
2026-07-23,GANADERO,11.19,,,2026-09-26T05:23:37.273680+00:00
2026-07-23,MERCANTIL,11.27,,,2026-09-26T05:23:37.273680+00:00
2026-07-23,PRODEM,11.03,,,2026-09-26T05:23:37.273680+00:00
2026-07-23,PYME COM.,11.13,,,2026-09-26T05:23:37.273680+00:00
2026-07-23,SOLIDARIO,11.31,,,2026-09-26T05:23:37.273680+00:00
2026-07-23,UNIÓN,11.13,,,2026-09-26T05:23:37.273680+00:00
2026-07-24,BCR,11.56,,,2026-09-26T05:23:37.273680+00:00
2026-07-24,BISA,11.38,,,2026-09-26T05:23:37.273680+00:00
2026-07-24,BNA,11.11,,,2026-09-26T05:23:37.273680+00:00
2026-07-24,BNB,11.19,,,2026-09-26T05:23:37.273680+00:00
2026-07-24,ECOFUTURO,10.81,,,2026-09-26T05:23:37.273680+00:00
2026-07-24,ECONÓMICO,11.5,,,2026-09-26T05:23:37.273680+00:00
2026-07-24,FIE,11.11,,,2026-09-26T05:23:37.273680+00:00
2026-07-24,FORTALEZA,11.33,,,2026-09-26T05:23:37.273680+00:00
2026-07-24,GANADERO,11.38,,,2026-09-26T05:23:37.273680+00:00
2026-07-24,MERCANTIL,11.06,,,2026-09-26T05:23:37.273680+00:00
2026-07-24,PRODEM,11.11,,,2026-09-26T05:23:37.273680+00:00
2026-07-24,PYME COM.,11.21,,,2026-09-26T05:23:37.273680+00:00
2026-07-24,SOLIDARIO,11.42,,,2026-09-26T05:23:37.273680+00:00
2026-07-24,UNIÓN,11.21,,,2026-09-26T05:23:37.273680+00:00
2026-07-27,BCR,11.74,,,2026-09-26T05:23:37.273680+00:00
2026-07-27,BISA,11.54,,,2026-09-26T05:23:37.273680+00:00
2026-07-27,BNA,11.33,,,2026-09-26T05:23:37.273680+00:00
2026-07-27,BNB,11.32,,,2026-09-26T05:23:37.273680+00:00
2026-07-27,ECOFUTURO,10.97,,,2026-09-26T05:23:37.273680+00:00
2026-07-27,ECONÓMICO,11.45,,,2026-09-26T05:23:37.273680+00:00
2026-07-27,FIE,11.51,,,2026-09-26T05:23:37.273680+00:00
2026-07-27,FORTALEZA,11.52,,,2026-09-26T05:23:37.273680+00:00
2026-07-27,GANADERO,11.41,,,2026-09-26T05:23:37.273680+00:00
2026-07-27,MERCANTIL,11.55,,,2026-09-26T05:23:37.273680+00:00
2026-07-27,PRODEM,11.27,,,2026-09-26T05:23:37.273680+00:00
2026-07-27,PYME COM.,11.37,,,2026-09-26T05:23:37.273680+00:00
2026-07-27,SOLIDARIO,11.54,,,2026-09-26T05:23:37.273680+00:00
2026-07-27,UNIÓN,11.37,,,2026-09-26T05:23:37.273680+00:00
2026-07-28,BCR,11.78,,,2026-09-26T05:23:37.273680+00:00
2026-07-28,BISA,11.77,,,2026-09-26T05:23:37.273680+00:00
2026-07-28,BNA,11.51,,,2026-09-26T05:23:37.273680+00:00
2026-07-28,BNB,11.55,,,2026-09-26T05:23:37.273680+00:00
2026-07-28,ECOFUTURO,11.39,,,2026-09-26T05:23:37.273680+00:00
2026-07-28,ECONÓMICO,11.83,,,2026-09-26T05:23:37.273680+00:00
2026-07-28,FIE,12.06,,,2026-09-26T05:23:37.273680+00:00
2026-07-28,FORTALEZA,12.07,,,2026-09-26T05:23:37.273680+00:00
2026-07-28,GANADERO,11.73,,,2026-09-26T05:23:37.273680+00:00
2026-07-28,MERCANTIL,11.91,,,2026-09-26T05:23:37.273680+00:00
2026-07-28,PRODEM,11.44,,,2026-09-26T05:23:37.273680+00:00
2026-07-28,PYME COM.,11.54,,,2026-09-26T05:23:37.273680+00:00
2026-07-28,SOLIDARIO,11.74,,,2026-09-26T05:23:37.273680+00:00
2026-07-28,UNIÓN,11.54,,,2026-09-26T05:23:37.273680+00:00
2026-07-29,BCR,11.93,,,2026-09-26T05:23:37.273680+00:00
2026-07-29,BISA,12.01,,,2026-09-26T05:23:37.273680+00:00
2026-07-29,BNA,11.92,,,2026-09-26T05:23:37.273680+00:00
2026-07-29,BNB,11.77,,,2026-09-26T05:23:37.273680+00:00
2026-07-29,ECOFUTURO,11.4,,,2026-09-26T05:23:37.273680+00:00
2026-07-29,ECONÓMICO,11.96,,,2026-09-26T05:23:37.273680+00:00
2026-07-29,FIE,11.7,,,2026-09-26T05:23:37.273680+00:00
2026-07-29,FORTALEZA,11.82,,,2026-09-26T05:23:37.273680+00:00
2026-07-29,GANADERO,11.82,,,2026-09-26T05:23:37.273680+00:00
2026-07-29,MERCANTIL,11.92,,,2026-09-26T05:23:37.273680+00:00
2026-07-29,PRODEM,11.7,,,2026-09-26T05:23:37.273680+00:00
2026-07-29,PYME COM.,11.8,,,2026-09-26T05:23:37.273680+00:00
2026-07-29,SOLIDARIO,11.96,,,2026-09-26T05:23:37.273680+00:00
2026-07-29,UNIÓN,11.8,,,2026-09-26T05:23:37.273680+00:00
2026-07-30,BCR,12.24,,,2026-09-26T05:23:37.273680+00:00
2026-07-30,BISA,12.16,,,2026-09-26T05:23:37.273680+00:00
2026-07-30,BNA,11.8,,,2026-09-26T05:23:37.273680+00:00
2026-07-30,BNB,11.95,,,2026-09-26T05:23:37.273680+00:00
2026-07-30,ECOFUTURO,11.49,,,2026-09-26T05:23:37.273680+00:00
2026-07-30,ECONÓMICO,11.84,,,2026-09-26T05:23:37.273680+00:00
2026-07-30,FIE,12.04,,,2026-09-26T05:23:37.273680+00:00
2026-07-30,FORTALEZA,12.33,,,2026-09-26T05:23:37.273680+00:00
2026-07-30,GANADERO,12.15,,,2026-09-26T05:23:37.273680+00:00
2026-07-30,MERCANTIL,12.0,,,2026-09-26T05:23:37.273680+00:00
2026-07-30,PRODEM,11.79,,,2026-09-26T05:23:37.273680+00:00
2026-07-30,PYME COM.,11.89,,,2026-09-26T05:23:37.273680+00:00
2026-07-30,SOLIDARIO,12.07,,,2026-09-26T05:23:37.273680+00:00
2026-07-30,UNIÓN,12.09,,,2026-09-26T05:23:37.273680+00:00
2026-07-31,BCR,12.18,,,2026-09-26T05:23:37.273680+00:00
2026-07-31,BISA,12.19,,,2026-09-26T05:23:37.273680+00:00
2026-07-31,BNA,12.16,,,2026-09-26T05:23:37.273680+00:00
2026-07-31,BNB,12.17,,,2026-09-26T05:23:37.273680+00:00
2026-07-31,ECOFUTURO,12.1,,,2026-09-26T05:23:37.273680+00:00
2026-07-31,ECONÓMICO,12.05,,,2026-09-26T05:23:37.273680+00:00
2026-07-31,FIE,12.19,,,2026-09-26T05:23:37.273680+00:00
2026-07-31,FORTALEZA,12.11,,,2026-09-26T05:23:37.273680+00:00
2026-07-31,GANADERO,12.08,,,2026-09-26T05:23:37.273680+00:00
2026-07-31,MERCANTIL,12.13,,,2026-09-26T05:23:37.273680+00:00
2026-07-31,PRODEM,12.05,,,2026-09-26T05:23:37.273680+00:00
2026-07-31,PYME COM.,12.15,,,2026-09-26T05:23:37.273680+00:00
2026-07-31,SOLIDARIO,12.04,,,2026-09-26T05:23:37.273680+00:00
2026-07-31,UNIÓN,12.19,,,2026-09-26T05:23:37.273680+00:00
2026-08-03,BCR,12.1,,,2026-09-26T05:23:37.273680+00:00
2026-08-03,BISA,11.96,,,2026-09-26T05:23:37.273680+00:00
2026-08-03,BNA,12.12,,,2026-09-26T05:23:37.273680+00:00
2026-08-03,BNB,12.05,,,2026-09-26T05:23:37.273680+00:00
2026-08-03,ECOFUTURO,11.73,,,2026-09-26T05:23:37.273680+00:00
2026-08-03,ECONÓMICO,11.97,,,2026-09-26T05:23:37.273680+00:00
2026-08-03,FIE,12.03,,,2026-09-26T05:23:37.273680+00:00
2026-08-03,FORTALEZA,12.31,,,2026-09-26T05:23:37.273680+00:00
2026-08-03,GANADERO,12.07,,,2026-09-26T05:23:37.273680+00:00
2026-08-03,MERCANTIL,12.06,,,2026-09-26T05:23:37.273680+00:00
2026-08-03,PRODEM,12.03,,,2026-09-26T05:23:37.273680+00:00
2026-08-03,PYME COM.,12.13,,,2026-09-26T05:23:37.273680+00:00
2026-08-03,SOLIDARIO,12.14,,,2026-09-26T05:23:37.273680+00:00
2026-08-03,UNIÓN,12.14,,,2026-09-26T05:23:37.273680+00:00
2026-08-04,BCR,11.97,,,2026-09-26T05:23:37.273680+00:00
2026-08-04,BISA,12.03,,,2026-09-26T05:23:37.273680+00:00
2026-08-04,BNA,11.9,,,2026-09-26T05:23:37.273680+00:00
2026-08-04,BNB,12.02,,,2026-09-26T05:23:37.273680+00:00
2026-08-04,ECOFUTURO,11.68,,,2026-09-26T05:23:37.273680+00:00
2026-08-04,ECONÓMICO,11.92,,,2026-09-26T05:23:37.273680+00:00
2026-08-04,FIE,12.19,,,2026-09-26T05:23:37.273680+00:00
2026-08-04,FORTALEZA,12.06,,,2026-09-26T05:23:37.273680+00:00
2026-08-04,GANADERO,11.98,,,2026-09-26T05:23:37.273680+00:00
2026-08-04,MERCANTIL,11.98,,,2026-09-26T05:23:37.273680+00:00
2026-08-04,PRODEM,11.98,,,2026-09-26T05:23:37.273680+00:00
2026-08-04,PYME COM.,12.08,,,2026-09-26T05:23:37.273680+00:00
2026-08-04,SOLIDARIO,12.0,,,2026-09-26T05:23:37.273680+00:00
2026-08-04,UNIÓN,12.09,,,2026-09-26T05:23:37.273680+00:00
2026-08-05,BCR,11.8,,,2026-09-26T05:23:37.273680+00:00
2026-08-05,BISA,11.86,,,2026-09-26T05:23:37.273680+00:00
2026-08-05,BNA,11.82,,,2026-09-26T05:23:37.273680+00:00
2026-08-05,BNB,11.75,,,2026-09-26T05:23:37.273680+00:00
2026-08-05,ECOFUTURO,11.62,,,2026-09-26T05:23:37.273680+00:00
2026-08-05,ECONÓMICO,11.88,,,2026-09-26T05:23:37.273680+00:00
2026-08-05,FIE,12.05,,,2026-09-26T05:23:37.273680+00:00
2026-08-05,FORTALEZA,11.87,,,2026-09-26T05:23:37.273680+00:00
2026-08-05,GANADERO,11.87,,,2026-09-26T05:23:37.273680+00:00
2026-08-05,MERCANTIL,11.87,,,2026-09-26T05:23:37.273680+00:00
2026-08-05,PRODEM,11.82,,,2026-09-26T05:23:37.273680+00:00
2026-08-05,PYME COM.,12.02,,,2026-09-26T05:23:37.273680+00:00
2026-08-05,SOLIDARIO,11.85,,,2026-09-26T05:23:37.273680+00:00
2026-08-05,UNIÓN,11.92,,,2026-09-26T05:23:37.273680+00:00
2026-08-10,BCR,11.67,,,2026-09-26T05:23:37.273680+00:00
2026-08-10,BISA,11.76,,,2026-09-26T05:23:37.273680+00:00
2026-08-10,BNA,11.79,,,2026-09-26T05:23:37.273680+00:00
2026-08-10,BNB,11.69,,,2026-09-26T05:23:37.273680+00:00
2026-08-10,ECOFUTURO,11.46,,,2026-09-26T05:23:37.273680+00:00
2026-08-10,ECONÓMICO,11.1,,,2026-09-26T05:23:37.273680+00:00
2026-08-10,FIE,11.76,,,2026-09-26T05:23:37.273680+00:00
2026-08-10,FORTALEZA,11.74,,,2026-09-26T05:23:37.273680+00:00
2026-08-10,GANADERO,11.82,,,2026-09-26T05:23:37.273680+00:00
2026-08-10,MERCANTIL,11.77,,,2026-09-26T05:23:37.273680+00:00
2026-08-10,PRODEM,11.66,,,2026-09-26T05:23:37.273680+00:00
2026-08-10,PYME COM.,11.86,,,2026-09-26T05:23:37.273680+00:00
2026-08-10,SOLIDARIO,11.59,,,2026-09-26T05:23:37.273680+00:00
2026-08-10,UNIÓN,11.36,,,2026-09-26T05:23:37.273680+00:00
2026-08-11,BCR,11.6,,,2026-09-26T05:23:37.273680+00:00
2026-08-11,BISA,11.73,,,2026-09-26T05:23:37.273680+00:00
2026-08-11,BNA,11.27,,,2026-09-26T05:23:37.273680+00:00
2026-08-11,BNB,11.41,,,2026-09-26T05:23:37.273680+00:00
2026-08-11,ECOFUTURO,11.37,,,2026-09-26T05:23:37.273680+00:00
2026-08-11,ECONÓMICO,11.65,,,2026-09-26T05:23:37.273680+00:00
2026-08-11,FIE,11.71,,,2026-09-26T05:23:37.273680+00:00
2026-08-11,FORTALEZA,11.6,,,2026-09-26T05:23:37.273680+00:00
2026-08-11,GANADERO,11.69,,,2026-09-26T05:23:37.273680+00:00
2026-08-11,MERCANTIL,11.54,,,2026-09-26T05:23:37.273680+00:00
2026-08-11,PRODEM,11.57,,,2026-09-26T05:23:37.273680+00:00
2026-08-11,PYME COM.,11.77,,,2026-09-26T05:23:37.273680+00:00
2026-08-11,SOLIDARIO,11.76,,,2026-09-26T05:23:37.273680+00:00
2026-08-11,UNIÓN,10.73,,,2026-09-26T05:23:37.273680+00:00
2026-08-12,BCR,11.69,,,2026-09-26T05:23:37.273680+00:00
2026-08-12,BISA,11.69,,,2026-09-26T05:23:37.273680+00:00
2026-08-12,BNA,11.21,,,2026-09-26T05:23:37.273680+00:00
2026-08-12,BNB,11.56,,,2026-09-26T05:23:37.273680+00:00
2026-08-12,ECOFUTURO,,,,2026-08-13T00:53:01.955775+00:00
2026-08-12,ECONÓMICO,11.5,,,2026-09-26T05:23:37.273680+00:00
2026-08-12,FIE,11.67,,,2026-09-26T05:23:37.273680+00:00
2026-08-12,FORTALEZA,11.61,,,2026-09-26T05:23:37.273680+00:00
2026-08-12,GANADERO,11.63,,,2026-09-26T05:23:37.273680+00:00
2026-08-12,MERCANTIL,11.71,,,2026-09-26T05:23:37.273680+00:00
2026-08-12,PRODEM,11.41,,,2026-09-26T05:23:37.273680+00:00
2026-08-12,PYME COM.,11.47,,,2026-09-26T05:23:37.273680+00:00
2026-08-12,SOLIDARIO,11.61,,,2026-09-26T05:23:37.273680+00:00
2026-08-12,UNIÓN,10.67,,,2026-09-26T05:23:37.273680+00:00
2026-08-13,BCR,11.63,,,2026-09-26T05:23:37.273680+00:00
2026-08-13,BISA,11.64,,,2026-09-26T05:23:37.273680+00:00
2026-08-13,BNA,11.55,,,2026-09-26T05:23:37.273680+00:00
2026-08-13,BNB,11.57,,,2026-09-26T05:23:37.273680+00:00
2026-08-13,ECOFUTURO,11.26,,,2026-09-26T05:23:37.273680+00:00
2026-08-13,ECONÓMICO,11.42,,,2026-09-26T05:23:37.273680+00:00
2026-08-13,FIE,11.61,,,2026-09-26T05:23:37.273680+00:00
2026-08-13,FORTALEZA,11.54,,,2026-09-26T05:23:37.273680+00:00
2026-08-13,GANADERO,11.59,,,2026-09-26T05:23:37.273680+00:00
2026-08-13,MERCANTIL,11.66,,,2026-09-26T05:23:37.273680+00:00
2026-08-13,PRODEM,11.36,,,2026-09-26T05:23:37.273680+00:00
2026-08-13,PYME COM.,11.51,,,2026-09-26T05:23:37.273680+00:00
2026-08-13,SOLIDARIO,11.6,,,2026-09-26T05:23:37.273680+00:00
2026-08-13,UNIÓN,10.16,,,2026-09-26T05:23:37.273680+00:00
2026-08-14,BCR,11.62,,,2026-09-26T05:23:37.273680+00:00
2026-08-14,BISA,11.56,,,2026-09-26T05:23:37.273680+00:00
2026-08-14,BNA,11.46,,,2026-09-26T05:23:37.273680+00:00
2026-08-14,BNB,11.47,,,2026-09-26T05:23:37.273680+00:00
2026-08-14,ECOFUTURO,11.22,,,2026-09-26T05:23:37.273680+00:00
2026-08-14,ECONÓMICO,11.52,,,2026-09-26T05:23:37.273680+00:00
2026-08-14,FIE,11.63,,,2026-09-26T05:23:37.273680+00:00
2026-08-14,FORTALEZA,11.54,,,2026-09-26T05:23:37.273680+00:00
2026-08-14,GANADERO,11.59,,,2026-09-26T05:23:37.273680+00:00
2026-08-14,MERCANTIL,11.59,,,2026-09-26T05:23:37.273680+00:00
2026-08-14,PRODEM,11.32,,,2026-09-26T05:23:37.273680+00:00
2026-08-14,PYME COM.,,,,2026-08-15T02:01:31.103233+00:00
2026-08-14,SOLIDARIO,11.51,,,2026-09-26T05:23:37.273680+00:00
2026-08-14,UNIÓN,11.52,,,2026-09-26T05:23:37.273680+00:00
2026-08-17,BCR,11.59,,,2026-09-26T05:23:37.273680+00:00
2026-08-17,BISA,11.56,,,2026-09-26T05:23:37.273680+00:00
2026-08-17,BNA,11.08,,,2026-09-26T05:23:37.273680+00:00
2026-08-17,BNB,11.48,,,2026-09-26T05:23:37.273680+00:00
2026-08-17,ECOFUTURO,11.18,,,2026-09-26T05:23:37.273680+00:00
2026-08-17,ECONÓMICO,11.48,,,2026-09-26T05:23:37.273680+00:00
2026-08-17,FIE,11.49,,,2026-09-26T05:23:37.273680+00:00
2026-08-17,FORTALEZA,11.58,,,2026-09-26T05:23:37.273680+00:00
2026-08-17,GANADERO,11.55,,,2026-09-26T05:23:37.273680+00:00
2026-08-17,MERCANTIL,11.58,,,2026-09-26T05:23:37.273680+00:00
2026-08-17,PRODEM,11.28,,,2026-09-26T05:23:37.273680+00:00
2026-08-17,PYME COM.,11.5,,,2026-09-26T05:23:37.273680+00:00
2026-08-17,SOLIDARIO,11.6,,,2026-09-26T05:23:37.273680+00:00
2026-08-17,UNIÓN,10.5,,,2026-09-26T05:23:37.273680+00:00
2026-08-18,BCR,11.52,,,2026-09-26T05:23:37.273680+00:00
2026-08-18,BISA,11.51,,,2026-09-26T05:23:37.273680+00:00
2026-08-18,BNA,11.05,,,2026-09-26T05:23:37.273680+00:00
2026-08-18,BNB,11.5,,,2026-09-26T05:23:37.273680+00:00
2026-08-18,ECOFUTURO,11.15,,,2026-09-26T05:23:37.273680+00:00
2026-08-18,ECONÓMICO,11.44,,,2026-09-26T05:23:37.273680+00:00
2026-08-18,FIE,11.38,,,2026-09-26T05:23:37.273680+00:00
2026-08-18,FORTALEZA,11.55,,,2026-09-26T05:23:37.273680+00:00
2026-08-18,GANADERO,11.54,,,2026-09-26T05:23:37.273680+00:00
2026-08-18,MERCANTIL,11.52,,,2026-09-26T05:23:37.273680+00:00
2026-08-18,PRODEM,11.25,,,2026-09-26T05:23:37.273680+00:00
2026-08-18,PYME COM.,11.15,,,2026-09-26T05:23:37.273680+00:00
2026-08-18,SOLIDARIO,11.52,,,2026-09-26T05:23:37.273680+00:00
2026-08-18,UNIÓN,10.5,,,2026-09-26T05:23:37.273680+00:00
2026-08-19,BCR,11.52,,,2026-09-26T05:23:37.273680+00:00
2026-08-19,BISA,11.51,,,2026-09-26T05:23:37.273680+00:00
2026-08-19,BNA,11.36,,,2026-09-26T05:23:37.273680+00:00
2026-08-19,BNB,11.36,,,2026-09-26T05:23:37.273680+00:00
2026-08-19,ECOFUTURO,11.12,,,2026-09-26T05:23:37.273680+00:00
2026-08-19,ECONÓMICO,11.53,,,2026-09-26T05:23:37.273680+00:00
2026-08-19,FIE,11.51,,,2026-09-26T05:23:37.273680+00:00
2026-08-19,FORTALEZA,11.54,,,2026-09-26T05:23:37.273680+00:00
2026-08-19,GANADERO,11.53,,,2026-09-26T05:23:37.273680+00:00
2026-08-19,MERCANTIL,11.53,,,2026-09-26T05:23:37.273680+00:00
2026-08-19,PRODEM,11.22,,,2026-09-26T05:23:37.273680+00:00
2026-08-19,PYME COM.,11.12,,,2026-09-26T05:23:37.273680+00:00
2026-08-19,SOLIDARIO,11.51,,,2026-09-26T05:23:37.273680+00:00
2026-08-19,UNIÓN,11.46,,,2026-09-26T05:23:37.273680+00:00
2026-08-20,BCR,11.53,,,2026-09-26T05:23:37.273680+00:00
2026-08-20,BISA,11.52,,,2026-09-26T05:23:37.273680+00:00
2026-08-20,BNA,11.48,,,2026-09-26T05:23:37.273680+00:00
2026-08-20,BNB,11.51,,,2026-09-26T05:23:37.273680+00:00
2026-08-20,ECOFUTURO,,,,2026-08-21T00:05:09.916769+00:00
2026-08-20,ECONÓMICO,11.56,,,2026-09-26T05:23:37.273680+00:00
2026-08-20,FIE,11.32,,,2026-09-26T05:23:37.273680+00:00
2026-08-20,FORTALEZA,11.47,,,2026-09-26T05:23:37.273680+00:00
2026-08-20,GANADERO,11.52,,,2026-09-26T05:23:37.273680+00:00
2026-08-20,MERCANTIL,11.45,,,2026-09-26T05:23:37.273680+00:00
2026-08-20,PRODEM,11.22,,,2026-09-26T05:23:37.273680+00:00
2026-08-20,PYME COM.,11.12,,,2026-09-26T05:23:37.273680+00:00
2026-08-20,SOLIDARIO,11.57,,,2026-09-26T05:23:37.273680+00:00
2026-08-20,UNIÓN,11.45,,,2026-09-26T05:23:37.273680+00:00
2026-08-21,BCR,11.5,,,2026-09-26T05:23:37.273680+00:00
2026-08-21,BISA,11.51,,,2026-09-26T05:23:37.273680+00:00
2026-08-21,BNA,11.38,,,2026-09-26T05:23:37.273680+00:00
2026-08-21,BNB,11.46,,,2026-09-26T05:23:37.273680+00:00
2026-08-21,ECOFUTURO,,,,2026-08-27T14:18:40.095713+00:00
2026-08-21,ECONÓMICO,11.53,,,2026-09-26T05:23:37.273680+00:00
2026-08-21,FIE,11.32,,,2026-09-26T05:23:37.273680+00:00
2026-08-21,FORTALEZA,11.48,,,2026-09-26T05:23:37.273680+00:00
2026-08-21,GANADERO,11.5,,,2026-09-26T05:23:37.273680+00:00
2026-08-21,MERCANTIL,11.49,,,2026-09-26T05:23:37.273680+00:00
2026-08-21,PRODEM,11.22,,,2026-09-26T05:23:37.273680+00:00
2026-08-21,PYME COM.,11.12,,,2026-09-26T05:23:37.273680+00:00
2026-08-21,SOLIDARIO,11.55,,,2026-09-26T05:23:37.273680+00:00
2026-08-21,UNIÓN,10.5,,,2026-09-26T05:23:37.273680+00:00
2026-08-24,BCR,11.54,,,2026-09-26T05:23:37.273680+00:00
2026-08-24,BISA,11.55,,,2026-09-26T05:23:37.273680+00:00
2026-08-24,BNA,11.0,,,2026-09-26T05:23:37.273680+00:00
2026-08-24,BNB,11.57,,,2026-09-26T05:23:37.273680+00:00
2026-08-24,ECOFUTURO,,,,2026-08-27T14:18:40.095713+00:00
2026-08-24,ECONÓMICO,11.59,,,2026-09-26T05:23:37.273680+00:00
2026-08-24,FIE,11.53,,,2026-09-26T05:23:37.273680+00:00
2026-08-24,FORTALEZA,11.59,,,2026-09-26T05:23:37.273680+00:00
2026-08-24,GANADERO,11.53,,,2026-09-26T05:23:37.273680+00:00
2026-08-24,MERCANTIL,11.28,,,2026-09-26T05:23:37.273680+00:00
2026-08-24,PRODEM,11.2,,,2026-09-26T05:23:37.273680+00:00
2026-08-24,PYME COM.,11.1,,,2026-09-26T05:23:37.273680+00:00
2026-08-24,SOLIDARIO,11.58,,,2026-09-26T05:23:37.273680+00:00
2026-08-24,UNIÓN,10.5,,,2026-09-26T05:23:37.273680+00:00
2026-08-25,BCR,11.62,,,2026-09-26T05:23:37.273680+00:00
2026-08-25,BISA,11.53,,,2026-09-26T05:23:37.273680+00:00
2026-08-25,BNA,11.05,,,2026-09-26T05:23:37.273680+00:00
2026-08-25,BNB,11.55,,,2026-09-26T05:23:37.273680+00:00
2026-08-25,ECOFUTURO,11.14,,,2026-09-26T05:23:37.273680+00:00
2026-08-25,ECONÓMICO,11.61,,,2026-09-26T05:23:37.273680+00:00
2026-08-25,FIE,11.66,,,2026-09-26T05:23:37.273680+00:00
2026-08-25,FORTALEZA,11.5,,,2026-09-26T05:23:37.273680+00:00
2026-08-25,GANADERO,11.57,,,2026-09-26T05:23:37.273680+00:00
2026-08-25,MERCANTIL,11.71,,,2026-09-26T05:23:37.273680+00:00
2026-08-25,PRODEM,11.24,,,2026-09-26T05:23:37.273680+00:00
2026-08-25,PYME COM.,11.14,,,2026-09-26T05:23:37.273680+00:00
2026-08-25,SOLIDARIO,11.59,,,2026-09-26T05:23:37.273680+00:00
2026-08-25,UNIÓN,10.5,,,2026-09-26T05:23:37.273680+00:00
2026-08-26,BCR,11.71,,,2026-09-26T05:23:37.273680+00:00
2026-08-26,BISA,11.72,,,2026-09-26T05:23:37.273680+00:00
2026-08-26,BNA,11.49,,,2026-09-26T05:23:37.273680+00:00
2026-08-26,BNB,11.73,,,2026-09-26T05:23:37.273680+00:00
2026-08-26,ECOFUTURO,11.17,,,2026-09-26T05:23:37.273680+00:00
2026-08-26,ECONÓMICO,11.64,,,2026-09-26T05:23:37.273680+00:00
2026-08-26,FIE,11.78,,,2026-09-26T05:23:37.273680+00:00
2026-08-26,FORTALEZA,11.6,,,2026-09-26T05:23:37.273680+00:00
2026-08-26,GANADERO,11.68,,,2026-09-26T05:23:37.273680+00:00
2026-08-26,MERCANTIL,11.74,,,2026-09-26T05:23:37.273680+00:00
2026-08-26,PRODEM,11.27,,,2026-09-26T05:23:37.273680+00:00
2026-08-26,PYME COM.,11.17,,,2026-09-26T05:23:37.273680+00:00
2026-08-26,SOLIDARIO,11.68,,,2026-09-26T05:23:37.273680+00:00
2026-08-26,UNIÓN,10.5,,,2026-09-26T05:23:37.273680+00:00
2026-08-27,BCR,11.85,,,2026-09-26T05:23:37.273680+00:00
2026-08-27,BISA,11.87,,,2026-09-26T05:23:37.273680+00:00
2026-08-27,BNA,11.82,,,2026-09-26T05:23:37.273680+00:00
2026-08-27,BNB,11.71,,,2026-09-26T05:23:37.273680+00:00
2026-08-27,ECOFUTURO,11.31,,,2026-09-26T05:23:37.273680+00:00
2026-08-27,ECONÓMICO,11.79,,,2026-09-26T05:23:37.273680+00:00
2026-08-27,FIE,11.81,,,2026-09-26T05:23:37.273680+00:00
2026-08-27,FORTALEZA,11.66,,,2026-09-26T05:23:37.273680+00:00
2026-08-27,GANADERO,11.81,,,2026-09-26T05:23:37.273680+00:00
2026-08-27,MERCANTIL,11.75,,,2026-09-26T05:23:37.273680+00:00
2026-08-27,PRODEM,11.41,,,2026-09-26T05:23:37.273680+00:00
2026-08-27,PYME COM.,11.31,,,2026-09-26T05:23:37.273680+00:00
2026-08-27,SOLIDARIO,11.94,,,2026-09-26T05:23:37.273680+00:00
2026-08-27,UNIÓN,10.5,,,2026-09-26T05:23:37.273680+00:00
2026-08-28,BCR,12.08,,,2026-09-26T05:23:37.273680+00:00
2026-08-28,BISA,11.95,,,2026-09-26T05:23:37.273680+00:00
2026-08-28,BNA,11.77,,,2026-09-26T05:23:37.273680+00:00
2026-08-28,BNB,11.85,,,2026-09-26T05:23:37.273680+00:00
2026-08-28,ECOFUTURO,11.43,,,2026-09-26T05:23:37.273680+00:00
2026-08-28,ECONÓMICO,11.98,,,2026-09-26T05:23:37.273680+00:00
2026-08-28,FIE,11.63,,,2026-09-26T05:23:37.273680+00:00
2026-08-28,FORTALEZA,11.89,,,2026-09-26T05:23:37.273680+00:00
2026-08-28,GANADERO,12.01,,,2026-09-26T05:23:37.273680+00:00
2026-08-28,MERCANTIL,11.77,,,2026-09-26T05:23:37.273680+00:00
2026-08-28,PRODEM,11.53,,,2026-09-26T05:23:37.273680+00:00
2026-08-28,PYME COM.,11.43,,,2026-09-26T05:23:37.273680+00:00
2026-08-28,SOLIDARIO,12.05,,,2026-09-26T05:23:37.273680+00:00
2026-08-28,UNIÓN,10.5,,,2026-09-26T05:23:37.273680+00:00
2026-08-31,BCR,12.07,,,2026-09-26T05:23:37.273680+00:00
2026-08-31,BISA,12.14,,,2026-09-26T05:23:37.273680+00:00
2026-08-31,BNA,11.73,,,2026-09-26T05:23:37.273680+00:00
2026-08-31,BNB,12.04,,,2026-09-26T05:23:37.273680+00:00
2026-08-31,ECOFUTURO,11.52,,,2026-09-26T05:23:37.273680+00:00
2026-08-31,ECONÓMICO,12.11,,,2026-09-26T05:23:37.273680+00:00
2026-08-31,FIE,11.96,,,2026-09-26T05:23:37.273680+00:00
2026-08-31,FORTALEZA,11.9,,,2026-09-26T05:23:37.273680+00:00
2026-08-31,GANADERO,12.15,,,2026-09-26T05:23:37.273680+00:00
2026-08-31,MERCANTIL,11.96,,,2026-09-26T05:23:37.273680+00:00
2026-08-31,PRODEM,11.62,,,2026-09-26T05:23:37.273680+00:00
2026-08-31,PYME COM.,11.52,,,2026-09-26T05:23:37.273680+00:00
2026-08-31,SOLIDARIO,12.13,,,2026-09-26T05:23:37.273680+00:00
2026-08-31,UNIÓN,10.5,,,2026-09-26T05:23:37.273680+00:00
2026-09-01,BCR,12.35,,,2026-09-26T05:23:37.273680+00:00
2026-09-01,BISA,12.29,,,2026-09-26T05:23:37.273680+00:00
2026-09-01,BNA,11.93,,,2026-09-26T05:23:37.273680+00:00
2026-09-01,BNB,12.21,,,2026-09-26T05:23:37.273680+00:00
2026-09-01,ECOFUTURO,11.72,,,2026-09-26T05:23:37.273680+00:00
2026-09-01,ECONÓMICO,12.24,,,2026-09-26T05:23:37.273680+00:00
2026-09-01,FIE,12.39,,,2026-09-26T05:23:37.273680+00:00
2026-09-01,FORTALEZA,12.09,,,2026-09-26T05:23:37.273680+00:00
2026-09-01,GANADERO,12.17,,,2026-09-26T05:23:37.273680+00:00
2026-09-01,MERCANTIL,12.25,,,2026-09-26T05:23:37.273680+00:00
2026-09-01,PRODEM,11.82,,,2026-09-26T05:23:37.273680+00:00
2026-09-01,PYME COM.,11.72,,,2026-09-26T05:23:37.273680+00:00
2026-09-01,SOLIDARIO,12.35,,,2026-09-26T05:23:37.273680+00:00
2026-09-01,UNIÓN,10.5,,,2026-09-26T05:23:37.273680+00:00
2026-09-02,BCR,12.32,,,2026-09-26T05:23:37.273680+00:00
2026-09-02,BISA,12.26,,,2026-09-26T05:23:37.273680+00:00
2026-09-02,BNA,11.96,,,2026-09-26T05:23:37.273680+00:00
2026-09-02,BNB,12.25,,,2026-09-26T05:23:37.273680+00:00
2026-09-02,ECOFUTURO,12.55,,,2026-09-26T05:23:37.273680+00:00
2026-09-02,ECONÓMICO,12.41,,,2026-09-26T05:23:37.273680+00:00
2026-09-02,FIE,12.45,,,2026-09-26T05:23:37.273680+00:00
2026-09-02,FORTALEZA,12.54,,,2026-09-26T05:23:37.273680+00:00
2026-09-02,GANADERO,12.29,,,2026-09-26T05:23:37.273680+00:00
2026-09-02,MERCANTIL,12.37,,,2026-09-26T05:23:37.273680+00:00
2026-09-02,PRODEM,11.96,,,2026-09-26T05:23:37.273680+00:00
2026-09-02,PYME COM.,11.86,,,2026-09-26T05:23:37.273680+00:00
2026-09-02,SOLIDARIO,12.42,,,2026-09-26T05:23:37.273680+00:00
2026-09-02,UNIÓN,12.26,,,2026-09-26T05:23:37.273680+00:00
2026-09-03,BCR,12.4,,,2026-09-26T05:23:37.273680+00:00
2026-09-03,BISA,12.43,,,2026-09-26T05:23:37.273680+00:00
2026-09-03,BNA,12.18,,,2026-09-26T05:23:37.273680+00:00
2026-09-03,BNB,12.37,,,2026-09-26T05:23:37.273680+00:00
2026-09-03,ECOFUTURO,11.92,,,2026-09-26T05:23:37.273680+00:00
2026-09-03,ECONÓMICO,12.5,,,2026-09-26T05:23:37.273680+00:00
2026-09-03,FIE,12.56,,,2026-09-26T05:23:37.273680+00:00
2026-09-03,FORTALEZA,12.19,,,2026-09-26T05:23:37.273680+00:00
2026-09-03,GANADERO,12.47,,,2026-09-26T05:23:37.273680+00:00
2026-09-03,MERCANTIL,12.5,,,2026-09-26T05:23:37.273680+00:00
2026-09-03,PRODEM,12.02,,,2026-09-26T05:23:37.273680+00:00
2026-09-03,PYME COM.,11.92,,,2026-09-26T05:23:37.273680+00:00
2026-09-03,SOLIDARIO,12.57,,,2026-09-26T05:23:37.273680+00:00
2026-09-03,UNIÓN,10.5,,,2026-09-26T05:23:37.273680+00:00
2026-09-04,BCR,12.56,,,2026-09-26T05:23:37.273680+00:00
2026-09-04,BISA,12.53,,,2026-09-26T05:23:37.273680+00:00
2026-09-04,BNA,12.38,,,2026-09-26T05:23:37.273680+00:00
2026-09-04,BNB,12.45,,,2026-09-26T05:23:37.273680+00:00
2026-09-04,ECOFUTURO,,,,2026-09-05T01:02:39.748588+00:00
2026-09-04,ECONÓMICO,12.59,,,2026-09-26T05:23:37.273680+00:00
2026-09-04,FIE,12.62,,,2026-09-26T05:23:37.273680+00:00
2026-09-04,FORTALEZA,12.65,,,2026-09-26T05:23:37.273680+00:00
2026-09-04,GANADERO,12.62,,,2026-09-26T05:23:37.273680+00:00
2026-09-04,MERCANTIL,12.59,,,2026-09-26T05:23:37.273680+00:00
2026-09-04,PRODEM,12.15,,,2026-09-26T05:23:37.273680+00:00
2026-09-04,PYME COM.,12.05,,,2026-09-26T05:23:37.273680+00:00
2026-09-04,SOLIDARIO,12.6,,,2026-09-26T05:23:37.273680+00:00
2026-09-04,UNIÓN,11.56,,,2026-09-26T05:23:37.273680+00:00
2026-09-07,BCR,12.67,,,2026-09-26T05:23:37.273680+00:00
2026-09-07,BISA,12.59,,,2026-09-26T05:23:37.273680+00:00
2026-09-07,BNA,12.28,,,2026-09-26T05:23:37.273680+00:00
2026-09-07,BNB,12.55,,,2026-09-26T05:23:37.273680+00:00
2026-09-07,ECOFUTURO,12.18,,,2026-09-26T05:23:37.273680+00:00
2026-09-07,ECONÓMICO,12.56,,,2026-09-26T05:23:37.273680+00:00
2026-09-07,FIE,12.58,,,2026-09-26T05:23:37.273680+00:00
2026-09-07,FORTALEZA,12.61,,,2026-09-26T05:23:37.273680+00:00
2026-09-07,GANADERO,12.52,,,2026-09-26T05:23:37.273680+00:00
2026-09-07,MERCANTIL,12.68,,,2026-09-26T05:23:37.273680+00:00
2026-09-07,PRODEM,12.28,,,2026-09-26T05:23:37.273680+00:00
2026-09-07,PYME COM.,12.18,,,2026-09-26T05:23:37.273680+00:00
2026-09-07,SOLIDARIO,12.51,,,2026-09-26T05:23:37.273680+00:00
2026-09-07,UNIÓN,11.3,,,2026-09-26T05:23:37.273680+00:00
2026-09-08,BCR,12.63,,,2026-09-26T05:23:37.273680+00:00
2026-09-08,BISA,12.63,,,2026-09-26T05:23:37.273680+00:00
2026-09-08,BNA,12.44,,,2026-09-26T05:23:37.273680+00:00
2026-09-08,BNB,12.5,,,2026-09-26T05:23:37.273680+00:00
2026-09-08,ECOFUTURO,,,,2026-09-09T01:16:57.725343+00:00
2026-09-08,ECONÓMICO,12.55,,,2026-09-26T05:23:37.273680+00:00
2026-09-08,FIE,12.61,,,2026-09-26T05:23:37.273680+00:00
2026-09-08,FORTALEZA,12.5,,,2026-09-26T05:23:37.273680+00:00
2026-09-08,GANADERO,12.7,,,2026-09-26T05:23:37.273680+00:00
2026-09-08,MERCANTIL,12.44,,,2026-09-26T05:23:37.273680+00:00
2026-09-08,PRODEM,12.3,,,2026-09-26T05:23:37.273680+00:00
2026-09-08,PYME COM.,12.2,,,2026-09-26T05:23:37.273680+00:00
2026-09-08,SOLIDARIO,12.69,,,2026-09-26T05:23:37.273680+00:00
2026-09-08,UNIÓN,12.74,,,2026-09-26T05:23:37.273680+00:00
2026-09-09,BCR,12.28,,,2026-09-26T05:23:37.273680+00:00
2026-09-09,BISA,12.39,,,2026-09-26T05:23:37.273680+00:00
2026-09-09,BNA,12.12,,,2026-09-26T05:23:37.273680+00:00
2026-09-09,BNB,12.47,,,2026-09-26T05:23:37.273680+00:00
2026-09-09,ECOFUTURO,12.61,,,2026-09-26T05:23:37.273680+00:00
2026-09-09,ECONÓMICO,12.22,,,2026-09-26T05:23:37.273680+00:00
2026-09-09,FIE,12.48,,,2026-09-26T05:23:37.273680+00:00
2026-09-09,FORTALEZA,12.57,,,2026-09-26T05:23:37.273680+00:00
2026-09-09,GANADERO,12.44,,,2026-09-26T05:23:37.273680+00:00
2026-09-09,MERCANTIL,12.32,,,2026-09-26T05:23:37.273680+00:00
2026-09-09,PRODEM,12.34,,,2026-09-26T05:23:37.273680+00:00
2026-09-09,PYME COM.,12.24,,,2026-09-26T05:23:37.273680+00:00
2026-09-09,SOLIDARIO,12.24,,,2026-09-26T05:23:37.273680+00:00
2026-09-09,UNIÓN,12.74,,,2026-09-26T05:23:37.273680+00:00
2026-09-10,BCR,12.02,,,2026-09-26T05:23:37.273680+00:00
2026-09-10,BISA,11.88,,,2026-09-26T05:23:37.273680+00:00
2026-09-10,BNA,12.12,,,2026-09-26T05:23:37.273680+00:00
2026-09-10,BNB,11.38,,,2026-09-26T05:23:37.273680+00:00
2026-09-10,ECOFUTURO,12.02,,,2026-09-26T05:23:37.273680+00:00
2026-09-10,ECONÓMICO,11.78,,,2026-09-26T05:23:37.273680+00:00
2026-09-10,FIE,11.99,,,2026-09-26T05:23:37.273680+00:00
2026-09-10,FORTALEZA,12.2,,,2026-09-26T05:23:37.273680+00:00
2026-09-10,GANADERO,12.28,,,2026-09-26T05:23:37.273680+00:00
2026-09-10,MERCANTIL,12.16,,,2026-09-26T05:23:37.273680+00:00
2026-09-10,PRODEM,12.12,,,2026-09-26T05:23:37.273680+00:00
2026-09-10,PYME COM.,12.02,,,2026-09-26T05:23:37.273680+00:00
2026-09-10,SOLIDARIO,11.93,,,2026-09-26T05:23:37.273680+00:00
2026-09-10,UNIÓN,11.49,,,2026-09-26T05:23:37.273680+00:00
2026-09-11,BCR,11.58,,,2026-09-26T05:23:37.273680+00:00
2026-09-11,BISA,11.57,,,2026-09-26T05:23:37.273680+00:00
2026-09-11,BNA,11.67,,,2026-09-26T05:23:37.273680+00:00
2026-09-11,BNB,11.4,,,2026-09-26T05:23:37.273680+00:00
2026-09-11,ECOFUTURO,,,,2026-09-12T01:11:35.132274+00:00
2026-09-11,ECONÓMICO,11.14,,,2026-09-26T05:23:37.273680+00:00
2026-09-11,FIE,11.54,,,2026-09-26T05:23:37.273680+00:00
2026-09-11,FORTALEZA,11.94,,,2026-09-26T05:23:37.273680+00:00
2026-09-11,GANADERO,11.71,,,2026-09-26T05:23:37.273680+00:00
2026-09-11,MERCANTIL,11.68,,,2026-09-26T05:23:37.273680+00:00
2026-09-11,PRODEM,11.74,,,2026-09-26T05:23:37.273680+00:00
2026-09-11,PYME COM.,11.64,,,2026-09-26T05:23:37.273680+00:00
2026-09-11,SOLIDARIO,11.64,,,2026-09-26T05:23:37.273680+00:00
2026-09-11,UNIÓN,11.3,,,2026-09-26T05:23:37.273680+00:00
2026-09-14,BCR,11.0,,,2026-09-26T05:23:37.273680+00:00
2026-09-14,BISA,10.91,,,2026-09-26T05:23:37.273680+00:00
2026-09-14,BNA,10.93,,,2026-09-26T05:23:37.273680+00:00
2026-09-14,BNB,11.1,,,2026-09-26T05:23:37.273680+00:00
2026-09-14,ECOFUTURO,,,,2026-09-15T01:32:42.718719+00:00
2026-09-14,ECONÓMICO,10.8,,,2026-09-26T05:23:37.273680+00:00
2026-09-14,FIE,11.03,,,2026-09-26T05:23:37.273680+00:00
2026-09-14,FORTALEZA,11.43,,,2026-09-26T05:23:37.273680+00:00
2026-09-14,GANADERO,11.42,,,2026-09-26T05:23:37.273680+00:00
2026-09-14,MERCANTIL,10.86,,,2026-09-26T05:23:37.273680+00:00
2026-09-14,PRODEM,11.23,,,2026-09-26T05:23:37.273680+00:00
2026-09-14,PYME COM.,,,,2026-09-15T01:32:42.718719+00:00
2026-09-14,SOLIDARIO,10.84,,,2026-09-26T05:23:37.273680+00:00
2026-09-14,UNIÓN,11.3,,,2026-09-26T05:23:37.273680+00:00
2026-09-15,BCR,10.47,,,2026-09-26T05:23:37.273680+00:00
2026-09-15,BISA,9.84,,,2026-09-26T05:23:37.273680+00:00
2026-09-15,BNA,10.4,,,2026-09-26T05:23:37.273680+00:00
2026-09-15,BNB,9.72,,,2026-09-26T05:23:37.273680+00:00
2026-09-15,ECOFUTURO,10.59,,,2026-09-26T05:23:37.273680+00:00
2026-09-15,ECONÓMICO,10.62,,,2026-09-26T05:23:37.273680+00:00
2026-09-15,FIE,10.39,,,2026-09-26T05:23:37.273680+00:00
2026-09-15,FORTALEZA,10.53,,,2026-09-26T05:23:37.273680+00:00
2026-09-15,GANADERO,10.47,,,2026-09-26T05:23:37.273680+00:00
2026-09-15,MERCANTIL,9.86,,,2026-09-26T05:23:37.273680+00:00
2026-09-15,PRODEM,10.69,,,2026-09-26T05:23:37.273680+00:00
2026-09-15,PYME COM.,10.59,,,2026-09-26T05:23:37.273680+00:00
2026-09-15,SOLIDARIO,10.59,,,2026-09-26T05:23:37.273680+00:00
2026-09-15,UNIÓN,10.64,,,2026-09-26T05:23:37.273680+00:00
2026-09-16,BCR,9.96,,,2026-09-26T05:23:37.273680+00:00
2026-09-16,BISA,9.76,,,2026-09-26T05:23:37.273680+00:00
2026-09-16,BNA,9.95,,,2026-09-26T05:23:37.273680+00:00
2026-09-16,BNB,9.96,,,2026-09-26T05:23:37.273680+00:00
2026-09-16,ECOFUTURO,9.75,,,2026-09-26T05:23:37.273680+00:00
2026-09-16,ECONÓMICO,9.98,,,2026-09-26T05:23:37.273680+00:00
2026-09-16,FIE,9.35,,,2026-09-26T05:23:37.273680+00:00
2026-09-16,FORTALEZA,10.01,,,2026-09-26T05:23:37.273680+00:00
2026-09-16,GANADERO,10.13,,,2026-09-26T05:23:37.273680+00:00
2026-09-16,MERCANTIL,9.91,,,2026-09-26T05:23:37.273680+00:00
2026-09-16,PRODEM,9.85,,,2026-09-26T05:23:37.273680+00:00
2026-09-16,PYME COM.,9.96,,,2026-09-26T05:23:37.273680+00:00
2026-09-16,SOLIDARIO,10.0,,,2026-09-26T05:23:37.273680+00:00
2026-09-16,UNIÓN,9.15,,,2026-09-26T05:23:37.273680+00:00
2026-09-17,BCR,10.41,,,2026-09-26T05:23:37.273680+00:00
2026-09-17,BISA,9.94,,,2026-09-26T05:23:37.273680+00:00
2026-09-17,BNA,9.79,,,2026-09-26T05:23:37.273680+00:00
2026-09-17,BNB,10.0,,,2026-09-26T05:23:37.273680+00:00
2026-09-17,ECOFUTURO,9.43,,,2026-09-26T05:23:37.273680+00:00
2026-09-17,ECONÓMICO,10.27,,,2026-09-26T05:23:37.273680+00:00
2026-09-17,FIE,9.72,,,2026-09-26T05:23:37.273680+00:00
2026-09-17,FORTALEZA,9.83,,,2026-09-26T05:23:37.273680+00:00
2026-09-17,GANADERO,9.96,,,2026-09-26T05:23:37.273680+00:00
2026-09-17,MERCANTIL,9.9,,,2026-09-26T05:23:37.273680+00:00
2026-09-17,PRODEM,9.53,,,2026-09-26T05:23:37.273680+00:00
2026-09-17,PYME COM.,9.43,,,2026-09-26T05:23:37.273680+00:00
2026-09-17,SOLIDARIO,9.92,,,2026-09-26T05:23:37.273680+00:00
2026-09-17,UNIÓN,9.0,,,2026-09-26T05:23:37.273680+00:00
2026-09-18,BCR,11.07,,,2026-09-26T05:23:37.273680+00:00
2026-09-18,BISA,10.41,,,2026-09-26T05:23:37.273680+00:00
2026-09-18,BNA,9.48,,,2026-09-26T05:23:37.273680+00:00
2026-09-18,BNB,11.12,,,2026-09-26T05:23:37.273680+00:00
2026-09-18,ECOFUTURO,9.61,,,2026-09-26T05:23:37.273680+00:00
2026-09-18,ECONÓMICO,11.63,,,2026-09-26T05:23:37.273680+00:00
2026-09-18,FIE,10.04,,,2026-09-26T05:23:37.273680+00:00
2026-09-18,FORTALEZA,9.91,,,2026-09-26T05:23:37.273680+00:00
2026-09-18,GANADERO,10.7,,,2026-09-26T05:23:37.273680+00:00
2026-09-18,MERCANTIL,11.84,,,2026-09-26T05:23:37.273680+00:00
2026-09-18,PRODEM,9.71,,,2026-09-26T05:23:37.273680+00:00
2026-09-18,PYME COM.,9.61,,,2026-09-26T05:23:37.273680+00:00
2026-09-18,SOLIDARIO,10.07,,,2026-09-26T05:23:37.273680+00:00
2026-09-18,UNIÓN,9.01,,,2026-09-26T05:23:37.273680+00:00
2026-09-21,BCR,12.09,,,2026-09-26T05:23:37.273680+00:00
2026-09-21,BISA,11.78,,,2026-09-26T05:23:37.273680+00:00
2026-09-21,BNA,11.42,,,2026-09-26T05:23:37.273680+00:00
2026-09-21,BNB,11.61,,,2026-09-26T05:23:37.273680+00:00
2026-09-21,ECOFUTURO,,,,2026-09-22T01:37:49.427778+00:00
2026-09-21,ECONÓMICO,12.31,,,2026-09-26T05:23:37.273680+00:00
2026-09-21,FIE,10.5,,,2026-09-26T05:23:37.273680+00:00
2026-09-21,FORTALEZA,11.8,,,2026-09-26T05:23:37.273680+00:00
2026-09-21,GANADERO,11.96,,,2026-09-26T05:23:37.273680+00:00
2026-09-21,MERCANTIL,11.57,,,2026-09-26T05:23:37.273680+00:00
2026-09-21,PRODEM,10.7,,,2026-09-26T05:23:37.273680+00:00
2026-09-21,PYME COM.,10.6,,,2026-09-26T05:23:37.273680+00:00
2026-09-21,SOLIDARIO,9.91,,,2026-09-26T05:23:37.273680+00:00
2026-09-21,UNIÓN,10.0,,,2026-09-26T05:23:37.273680+00:00
2026-09-22,BCR,12.34,,,2026-09-26T05:23:37.273680+00:00
2026-09-22,BISA,11.95,,,2026-09-26T05:23:37.273680+00:00
2026-09-22,BNA,12.08,,,2026-09-26T05:23:37.273680+00:00
2026-09-22,BNB,12.12,,,2026-09-26T05:23:37.273680+00:00
2026-09-22,ECOFUTURO,12.0,,,2026-09-26T05:23:37.273680+00:00
2026-09-22,ECONÓMICO,12.35,,,2026-09-26T05:23:37.273680+00:00
2026-09-22,FIE,11.0,,,2026-09-26T05:23:37.273680+00:00
2026-09-22,FORTALEZA,12.39,,,2026-09-26T05:23:37.273680+00:00
2026-09-22,GANADERO,12.08,,,2026-09-26T05:23:37.273680+00:00
2026-09-22,MERCANTIL,12.09,,,2026-09-26T05:23:37.273680+00:00
2026-09-22,PRODEM,11.6,,,2026-09-26T05:23:37.273680+00:00
2026-09-22,PYME COM.,11.5,,,2026-09-26T05:23:37.273680+00:00
2026-09-22,SOLIDARIO,11.98,,,2026-09-26T05:23:37.273680+00:00
2026-09-22,UNIÓN,10.9,,,2026-09-26T05:23:37.273680+00:00
2026-09-23,BCR,12.06,,,2026-09-26T05:23:37.273680+00:00
2026-09-23,BISA,12.18,,,2026-09-26T05:23:37.273680+00:00
2026-09-23,BNA,12.03,,,2026-09-26T05:23:37.273680+00:00
2026-09-23,BNB,12.03,,,2026-09-26T05:23:37.273680+00:00
2026-09-23,ECOFUTURO,12.56,,,2026-09-26T05:23:37.273680+00:00
2026-09-23,ECONÓMICO,12.32,,,2026-09-26T05:23:37.273680+00:00
2026-09-23,FIE,12.28,,,2026-09-26T05:23:37.273680+00:00
2026-09-23,FORTALEZA,12.4,,,2026-09-26T05:23:37.273680+00:00
2026-09-23,GANADERO,12.32,,,2026-09-26T05:23:37.273680+00:00
2026-09-23,MERCANTIL,12.14,,,2026-09-26T05:23:37.273680+00:00
2026-09-23,PRODEM,11.76,,,2026-09-26T05:23:37.273680+00:00
2026-09-23,PYME COM.,11.66,,,2026-09-26T05:23:37.273680+00:00
2026-09-23,SOLIDARIO,12.29,,,2026-09-26T05:23:37.273680+00:00
2026-09-23,UNIÓN,11.06,,,2026-09-26T05:23:37.273680+00:00
2026-09-24,BCR,12.17,,,2026-09-26T05:23:37.273680+00:00
2026-09-24,BISA,12.21,,,2026-09-26T05:23:37.273680+00:00
2026-09-24,BNA,,,,2026-09-25T01:35:50.488453+00:00
2026-09-24,BNB,12.11,,,2026-09-26T05:23:37.273680+00:00
2026-09-24,ECOFUTURO,,,,2026-09-25T01:35:50.488453+00:00
2026-09-24,ECONÓMICO,11.6,,,2026-09-26T05:23:37.273680+00:00
2026-09-24,FIE,12.2,,,2026-09-26T05:23:37.273680+00:00
2026-09-24,FORTALEZA,12.4,,,2026-09-26T05:23:37.273680+00:00
2026-09-24,GANADERO,12.13,,,2026-09-26T05:23:37.273680+00:00
2026-09-24,MERCANTIL,12.3,,,2026-09-26T05:23:37.273680+00:00
2026-09-24,PRODEM,11.96,,,2026-09-26T05:23:37.273680+00:00
2026-09-24,PYME COM.,11.88,,,2026-09-26T05:23:37.273680+00:00
2026-09-24,SOLIDARIO,12.09,,,2026-09-26T05:23:37.273680+00:00
2026-09-24,UNIÓN,12.33,,,2026-09-26T05:23:37.273680+00:00
2026-09-25,BCR,12.0,,,2026-09-26T05:23:37.273680+00:00
2026-09-25,BISA,12.0,,,2026-09-26T05:23:37.273680+00:00
2026-09-25,BNA,,,,2026-09-26T05:23:37.273680+00:00
2026-09-25,BNB,12.05,,,2026-09-26T05:23:37.273680+00:00
2026-09-25,ECOFUTURO,12.28,,,2026-09-26T05:23:37.273680+00:00
2026-09-25,ECONÓMICO,11.6,,,2026-09-26T05:23:37.273680+00:00
2026-09-25,FIE,11.76,,,2026-09-26T05:23:37.273680+00:00
2026-09-25,FORTALEZA,12.5,,,2026-09-26T05:23:37.273680+00:00
2026-09-25,GANADERO,12.22,,,2026-09-26T05:23:37.273680+00:00
2026-09-25,MERCANTIL,12.0,,,2026-09-26T05:23:37.273680+00:00
2026-09-25,PRODEM,11.92,,,2026-09-26T05:23:37.273680+00:00
2026-09-25,PYME COM.,11.82,,,2026-09-26T05:23:37.273680+00:00
2026-09-25,SOLIDARIO,12.22,,,2026-09-26T05:23:37.273680+00:00
2026-09-25,UNIÓN,11.22,,,2026-09-26T05:23:37.273680+00:00
